ruta,bytes_antes,bytes_despues,bytes_ahorrados,dimensiones_antes,dimensiones_despues,calidad,estado
assets/productos/BEAUTY_CARE/accesorios_beauty/montoc_rizador_de_pestanas/montoc_rizador_de_pestanas_0.webp,115168,112156,3012,1055x1491,1055x1491,80,optimizada
assets/productos/BEAUTY_CARE/accesorios_beauty/montoc_rizador_de_pestanas/montoc_rizador_de_pestanas_1.webp,19754,19302,452,800x800,800x800,76,optimizada
assets/productos/BEAUTY_CARE/accesorios_beauty/montoc_rizador_de_pestanas/montoc_rizador_de_pestanas_2.webp,24742,24014,728,800x800,800x800,76,optimizada
assets/productos/BEAUTY_CARE/accesorios_beauty/montoc_rizador_de_pestanas/montoc_rizador_de_pestanas_3.webp,15940,15452,488,800x800,800x800,76,optimizada
assets/productos/BEAUTY_CARE/accesorios_capilares/cepillo_desenredante_flexible_para_rulos/cepillo_desenredante_flexible_para_rulos_0.webp,119472,116618,2854,1122x1402,1122x1402,80,optimizada
assets/productos/BEAUTY_CARE/accesorios_capilares/cepillo_desenredante_flexible_para_rulos/cepillo_desenredante_flexible_para_rulos_1.webp,31726,31350,376,698x1000,698x1000,76,optimizada
assets/productos/BEAUTY_CARE/accesorios_de_maquillaje/makeup_puff_blender/makeup_puff_blender_0.webp,110248,107276,2972,1122x1402,1122x1402,80,optimizada
assets/productos/BEAUTY_CARE/accesorios_de_maquillaje/makeup_puff_blender/makeup_puff_blender_1.webp,32912,31036,1876,750x1000,750x1000,76,optimizada
assets/productos/BEAUTY_CARE/accesorios_de_maquillaje/makeup_puff_blender/makeup_puff_blender_2.webp,29942,28264,1678,750x1000,750x1000,76,optimizada
assets/productos/BEAUTY_CARE/accesorios_de_maquillaje/makeup_puff_blender/makeup_puff_blender_3.webp,30066,28742,1324,750x1000,750x1000,76,optimizada
assets/productos/BEAUTY_CARE/accesorios_de_maquillaje/makeup_puff_blender/makeup_puff_blender_4.webp,24770,23534,1236,750x1000,750x1000,76,optimizada
assets/productos/BEAUTY_CARE/cuidado_capilar/etniker_crema_gel_fijadora_para_cabello/etniker_crema_gel_fijadora_para_cabello_0.webp,125442,122970,2472,1000x1500,1000x1500,80,optimizada
assets/productos/BEAUTY_CARE/cuidado_capilar/etniker_crema_gel_fijadora_para_cabello/etniker_crema_gel_fijadora_para_cabello_1.webp,45878,44282,1596,800x800,800x800,76,optimizada
assets/productos/BEAUTY_CARE/cuidado_capilar/etniker_crema_gel_fijadora_para_cabello/etniker_crema_gel_fijadora_para_cabello_2.webp,20548,19970,578,800x800,800x800,76,optimizada
assets/productos/BEAUTY_CARE/cuidado_capilar/etniker_crema_gel_fijadora_para_cabello/etniker_crema_gel_fijadora_para_cabello_3.webp,29184,28712,472,800x880,800x880,76,optimizada
assets/productos/BEAUTY_CARE/cuidado_capilar/kaba_acondicionador_kaba/kaba_acondicionador_kaba_0.webp,10008,9690,318,736x736,736x736,80,optimizada
assets/productos/BEAUTY_CARE/cuidado_capilar/kaba_acondicionador_kaba/kaba_acondicionador_kaba_1.webp,63530,61240,2290,800x1000,800x1000,76,optimizada
assets/productos/BEAUTY_CARE/cuidado_capilar/kaba_biomascarilla_kaba/kaba_biomascarilla_kaba_0.webp,11046,10898,148,450x450,450x450,80,optimizada
assets/productos/BEAUTY_CARE/cuidado_capilar/kaba_biomascarilla_kaba/kaba_biomascarilla_kaba_1.webp,77070,75206,1864,750x1000,750x1000,76,optimizada
assets/productos/BEAUTY_CARE/cuidado_capilar/kaba_repolarizador_kaba/kaba_repolarizador_kaba_0.webp,9018,8846,172,736x736,736x736,80,optimizada
assets/productos/BEAUTY_CARE/cuidado_capilar/kaba_repolarizador_kaba/kaba_repolarizador_kaba_1.webp,57410,55852,1558,563x1000,563x1000,76,optimizada
assets/productos/BEAUTY_CARE/cuidado_capilar/kaba_shampoo_kaba/kaba_shampoo_kaba_0.webp,31302,30914,388,736x736,736x736,80,optimizada
assets/productos/BEAUTY_CARE/cuidado_capilar/kaba_shampoo_kaba/kaba_shampoo_kaba_1.webp,52890,51408,1482,563x1000,563x1000,76,optimizada
assets/productos/BEAUTY_CARE/cuidado_capilar/kaba_tonico_de_crecimiento_kaba/kaba_tonico_de_crecimiento_kaba_0.webp,63792,62430,1362,736x736,736x736,80,optimizada
assets/productos/BEAUTY_CARE/cuidado_capilar/kaba_tonico_de_crecimiento_kaba/kaba_tonico_de_crecimiento_kaba_1.webp,76338,73910,2428,800x1000,800x1000,76,optimizada
assets/productos/BEAUTY_CARE/cuidado_capilar/la_receta_cbd_acondicionador_nuevo/la_receta_cbd_acondicionador_nuevo_0.webp,13662,13562,100,500x500,500x500,80,optimizada
assets/productos/BEAUTY_CARE/cuidado_capilar/la_receta_cbd_acondicionador_nuevo/la_receta_cbd_acondicionador_nuevo_1.webp,68114,66634,1480,667x1000,667x1000,76,optimizada
assets/productos/BEAUTY_CARE/cuidado_capilar/la_receta_cbd_gotas_cbd/la_receta_cbd_gotas_cbd_0.webp,17996,17638,358,532x588,532x588,80,optimizada
assets/productos/BEAUTY_CARE/cuidado_capilar/la_receta_cbd_gotas_cbd/la_receta_cbd_gotas_cbd_1.webp,80472,78652,1820,800x1000,800x1000,76,optimizada
assets/productos/BEAUTY_CARE/cuidado_capilar/la_receta_cbd_shampoo_anticaspa/la_receta_cbd_shampoo_anticaspa_0.webp,15848,15650,198,800x800,800x800,80,optimizada
assets/productos/BEAUTY_CARE/cuidado_capilar/la_receta_cbd_shampoo_anticaspa/la_receta_cbd_shampoo_anticaspa_1.webp,85294,83872,1422,800x1000,800x1000,76,optimizada
assets/productos/BEAUTY_CARE/cuidado_capilar/la_receta_cbd_shampoo_argan/la_receta_cbd_shampoo_argan_0.webp,22740,22386,354,1080x1080,1080x1080,80,optimizada
assets/productos/BEAUTY_CARE/cuidado_capilar/la_receta_cbd_shampoo_argan/la_receta_cbd_shampoo_argan_1.webp,79588,77752,1836,800x1000,800x1000,76,optimizada
assets/productos/BEAUTY_CARE/cuidado_capilar/la_receta_cbd_shampoo_romero/la_receta_cbd_shampoo_romero_0.webp,56148,55354,794,1086x1448,1086x1448,80,optimizada
assets/productos/BEAUTY_CARE/cuidado_capilar/la_receta_cbd_shampoo_romero/la_receta_cbd_shampoo_romero_1.webp,81822,79902,1920,800x1000,800x1000,76,optimizada
assets/productos/BEAUTY_CARE/cuidado_capilar/la_receta_cbd_tonico_anticaida/la_receta_cbd_tonico_anticaida_0.webp,11236,11130,106,800x800,800x800,80,optimizada
assets/productos/BEAUTY_CARE/cuidado_capilar/la_receta_cbd_tonico_anticaida/la_receta_cbd_tonico_anticaida_1.webp,86676,85042,1634,800x1000,800x1000,76,optimizada
assets/productos/BEAUTY_CARE/cuidado_capilar/milagros_acondicionador_anti_frizz_y_fortalecedor/milagros_acondicionador_anti_frizz_y_fortalecedor_0.webp,118474,116226,2248,1000x1500,1000x1500,80,optimizada
assets/productos/BEAUTY_CARE/cuidado_capilar/milagros_acondicionador_anti_frizz_y_fortalecedor/milagros_acondicionador_anti_frizz_y_fortalecedor_1.webp,13220,12928,292,800x800,800x800,76,optimizada
assets/productos/BEAUTY_CARE/cuidado_capilar/milagros_acondicionador_milagro_herbal/milagros_acondicionador_milagro_herbal_0.webp,116366,113096,3270,1122x1402,1122x1402,80,optimizada
assets/productos/BEAUTY_CARE/cuidado_capilar/milagros_acondicionador_milagro_herbal/milagros_acondicionador_milagro_herbal_1.webp,14294,14006,288,800x800,800x800,76,optimizada
assets/productos/BEAUTY_CARE/cuidado_capilar/milagros_acondicionador_milagro_herbal/milagros_acondicionador_milagro_herbal_2.webp,16990,16410,580,800x829,800x829,76,optimizada
assets/productos/BEAUTY_CARE/cuidado_capilar/milagros_acondicionador_milagro_herbal/milagros_acondicionador_milagro_herbal_3.webp,14256,13870,386,800x778,800x778,76,optimizada
assets/productos/BEAUTY_CARE/cuidado_capilar/milagros_mascarilla_reparadora_para_cabello/milagros_mascarilla_reparadora_para_cabello_0.webp,122236,119028,3208,1122x1402,1122x1402,80,optimizada
assets/productos/BEAUTY_CARE/cuidado_capilar/milagros_mascarilla_reparadora_para_cabello/milagros_mascarilla_reparadora_para_cabello_1.webp,10232,9994,238,748x938,748x938,76,optimizada
assets/productos/BEAUTY_CARE/cuidado_capilar/milagros_mascarilla_reparadora_para_cabello/milagros_mascarilla_reparadora_para_cabello_3.webp,10166,9782,384,751x941,751x941,76,optimizada
assets/productos/BEAUTY_CARE/cuidado_capilar/milagros_shampoo_emergencia_capilar/milagros_shampoo_emergencia_capilar_0.webp,117848,114658,3190,1122x1402,1122x1402,80,optimizada
assets/productos/BEAUTY_CARE/cuidado_capilar/milagros_shampoo_emergencia_capilar/milagros_shampoo_emergencia_capilar_1.webp,14144,13760,384,800x800,800x800,76,optimizada
assets/productos/BEAUTY_CARE/cuidado_capilar/milagros_shampoo_ultranutritivo_premium/milagros_shampoo_ultranutritivo_premium_0.webp,120390,118274,2116,1122x1402,1122x1402,80,optimizada
assets/productos/BEAUTY_CARE/cuidado_capilar/milagros_shampoo_ultranutritivo_premium/milagros_shampoo_ultranutritivo_premium_1.webp,13060,12710,350,800x800,800x800,76,optimizada
assets/productos/BEAUTY_CARE/cuidado_capilar/milagros_tratamiento_capilar_bio_reparador/milagros_tratamiento_capilar_bio_reparador_0.webp,119526,117140,2386,1122x1402,1122x1402,80,optimizada
assets/productos/BEAUTY_CARE/cuidado_capilar/milagros_tratamiento_capilar_bio_reparador/milagros_tratamiento_capilar_bio_reparador_1.webp,12882,12628,254,800x800,800x800,76,optimizada
assets/productos/BEAUTY_CARE/cuidado_capilar/milagros_tratamiento_capilar_milagros/milagros_tratamiento_capilar_milagros_0.webp,117990,116006,1984,1122x1402,1122x1402,80,optimizada
assets/productos/BEAUTY_CARE/cuidado_capilar/milagros_tratamiento_capilar_milagros/milagros_tratamiento_capilar_milagros_1.webp,9262,9032,230,800x800,800x800,76,optimizada
assets/productos/BEAUTY_CARE/cuidado_capilar/milagros_tratamiento_capilar_milagros/milagros_tratamiento_capilar_milagros_2.webp,22282,22028,254,800x800,800x800,76,optimizada
assets/productos/BEAUTY_CARE/cuidado_capilar/milagros_tratamiento_capilar_milagros/milagros_tratamiento_capilar_milagros_3.webp,13884,13626,258,800x800,800x800,76,optimizada
assets/productos/BEAUTY_CARE/cuidado_capilar/milagros_tratamiento_capilar_milagros/milagros_tratamiento_capilar_milagros_4.webp,23536,23154,382,800x800,800x800,76,optimizada
assets/productos/BEAUTY_CARE/cuidado_capilar/rolda_gel_fijador/rolda_gel_fijador_0.webp,123010,120292,2718,1055x1491,1055x1491,80,optimizada
assets/productos/BEAUTY_CARE/cuidado_capilar/rolda_gel_fijador/rolda_gel_fijador_1.webp,17062,16852,210,500x500,500x500,76,optimizada
assets/productos/BEAUTY_CARE/cuidado_capilar/tongole_linea_de_cuidado_capilar/tongole_linea_de_cuidado_capilar_0.webp,126602,122960,3642,1122x1402,1122x1402,80,optimizada
assets/productos/BEAUTY_CARE/cuidado_capilar/tongole_linea_de_cuidado_capilar/tongole_linea_de_cuidado_capilar_1.webp,12808,12608,200,360x360,360x360,76,optimizada
assets/productos/BEAUTY_CARE/cuidado_capilar/tongole_linea_de_cuidado_capilar/tongole_linea_de_cuidado_capilar_2.webp,3122,3002,120,360x360,360x360,76,optimizada
assets/productos/BEAUTY_CARE/cuidado_capilar/tongole_linea_de_cuidado_capilar/tongole_linea_de_cuidado_capilar_3.webp,9254,9072,182,360x360,360x360,76,optimizada
assets/productos/BEAUTY_CARE/cuidado_capilar/tongole_linea_de_cuidado_capilar/tongole_linea_de_cuidado_capilar_4.webp,8582,8368,214,360x360,360x360,76,optimizada
assets/productos/BEAUTY_CARE/cuidado_capilar/tongole_linea_de_cuidado_capilar/tongole_linea_de_cuidado_capilar_5.webp,8984,8806,178,360x360,360x360,76,optimizada
assets/productos/BEAUTY_CARE/cuidado_capilar/tongole_linea_de_cuidado_capilar/tongole_linea_de_cuidado_capilar_6.webp,2966,2900,66,360x360,360x360,76,optimizada
assets/productos/BEAUTY_CARE/cuidado_capilar/tongole_linea_de_cuidado_capilar/tongole_linea_de_cuidado_capilar_7.webp,3752,3678,74,360x360,360x360,76,optimizada
assets/productos/BEAUTY_CARE/cuidado_corporal/d_luchi_bronceador_coco/d_luchi_bronceador_coco_0.webp,12834,12450,384,554x554,554x554,80,optimizada
assets/productos/BEAUTY_CARE/cuidado_corporal/d_luchi_bronceador_coco/d_luchi_bronceador_coco_1.webp,92374,89316,3058,800x1000,800x1000,76,optimizada
assets/productos/BEAUTY_CARE/cuidado_corporal/d_luchi_bronceador_en_gel/d_luchi_bronceador_en_gel_0.webp,12662,12332,330,554x554,554x554,80,optimizada
assets/productos/BEAUTY_CARE/cuidado_corporal/d_luchi_bronceador_en_gel/d_luchi_bronceador_en_gel_1.webp,91314,89214,2100,800x1000,800x1000,76,optimizada
assets/productos/BEAUTY_CARE/cuidado_corporal/d_luchi_bronceador_zanahoria/d_luchi_bronceador_zanahoria_0.webp,15392,15006,386,800x800,800x800,80,optimizada
assets/productos/BEAUTY_CARE/cuidado_corporal/d_luchi_bronceador_zanahoria/d_luchi_bronceador_zanahoria_1.webp,106674,103330,3344,800x1000,800x1000,76,optimizada
assets/productos/BEAUTY_CARE/cuidado_corporal/d_luchi_gel_de_aloe_vera/d_luchi_gel_de_aloe_vera_0.webp,19044,18584,460,480x640,480x640,80,optimizada
assets/productos/BEAUTY_CARE/cuidado_corporal/d_luchi_gel_de_aloe_vera/d_luchi_gel_de_aloe_vera_1.webp,102716,99596,3120,800x1000,800x1000,76,optimizada
assets/productos/BEAUTY_CARE/cuidado_corporal/d_luchi_locion_de_oro/d_luchi_locion_de_oro_0.webp,16170,15850,320,471x424,471x424,80,optimizada
assets/productos/BEAUTY_CARE/cuidado_corporal/d_luchi_locion_de_oro/d_luchi_locion_de_oro_1.webp,90698,87676,3022,667x1000,667x1000,76,optimizada
assets/productos/BEAUTY_CARE/cuidado_corporal/d_luchi_mantequilla_corporal/d_luchi_mantequilla_corporal_0.webp,68008,66144,1864,1200x1200,1200x1200,80,optimizada
assets/productos/BEAUTY_CARE/cuidado_corporal/d_luchi_mantequilla_corporal/d_luchi_mantequilla_corporal_1.webp,83176,80044,3132,800x1000,800x1000,76,optimizada
assets/productos/BEAUTY_CARE/cuidado_corporal/vidan_dreams_bubakiss_mantequilla/vidan_dreams_bubakiss_mantequilla_0.webp,134420,130846,3574,1000x1500,1000x1500,80,optimizada
assets/productos/BEAUTY_CARE/cuidado_corporal/vidan_dreams_bubakiss_mantequilla/vidan_dreams_bubakiss_mantequilla_1.webp,26096,25234,862,768x768,768x768,76,optimizada
assets/productos/BEAUTY_CARE/cuidado_corporal/vidan_dreams_bubakiss_mantequilla/vidan_dreams_bubakiss_mantequilla_2.webp,32056,30940,1116,800x800,800x800,76,optimizada
assets/productos/BEAUTY_CARE/cuidado_corporal/vive_beauty_chispita_de_luna/vive_beauty_chispita_de_luna_0.webp,25974,25518,456,1200x1200,1200x1200,80,optimizada
assets/productos/BEAUTY_CARE/cuidado_corporal/vive_beauty_chispita_de_luna/vive_beauty_chispita_de_luna_1.webp,70504,68108,2396,800x1000,800x1000,76,optimizada
assets/productos/BEAUTY_CARE/cuidado_corporal/vive_beauty_crema_corporal_humectante/vive_beauty_crema_corporal_humectante_0.webp,122690,119986,2704,1086x1448,1086x1448,80,optimizada
assets/productos/BEAUTY_CARE/cuidado_corporal/vive_beauty_crema_corporal_humectante/vive_beauty_crema_corporal_humectante_1.webp,31894,30200,1694,800x1000,800x1000,76,optimizada
assets/productos/BEAUTY_CARE/cuidado_corporal/vive_beauty_crema_corporal_humectante/vive_beauty_crema_corporal_humectante_2.webp,31774,31284,490,800x1000,800x1000,76,optimizada
assets/productos/BEAUTY_CARE/cuidado_corporal/vive_beauty_exfoliante_corporal_de_azucar/vive_beauty_exfoliante_corporal_de_azucar_0.webp,123238,120962,2276,1000x1500,1000x1500,80,optimizada
assets/productos/BEAUTY_CARE/cuidado_corporal/vive_beauty_exfoliante_corporal_de_azucar/vive_beauty_exfoliante_corporal_de_azucar_1.webp,40442,38628,1814,800x1000,800x1000,76,optimizada
assets/productos/BEAUTY_CARE/cuidado_corporal/vive_beauty_exfoliante_corporal_de_azucar/vive_beauty_exfoliante_corporal_de_azucar_2.webp,31774,31284,490,800x1000,800x1000,76,optimizada
assets/productos/BEAUTY_CARE/cuidado_corporal/vive_beauty_gel_de_ducha/vive_beauty_gel_de_ducha_0.webp,35448,34528,920,1000x1000,1000x1000,80,optimizada
assets/productos/BEAUTY_CARE/cuidado_corporal/vive_beauty_gel_de_ducha/vive_beauty_gel_de_ducha_1.webp,73656,71224,2432,800x1000,800x1000,76,optimizada
assets/productos/BEAUTY_CARE/cuidado_corporal/vive_beauty_mantequilla_corporal/vive_beauty_mantequilla_corporal_0.webp,108356,105950,2406,1000x1500,1000x1500,80,optimizada
assets/productos/BEAUTY_CARE/cuidado_corporal/vive_beauty_mantequilla_corporal/vive_beauty_mantequilla_corporal_1.webp,36376,34942,1434,800x1000,800x1000,76,optimizada
assets/productos/BEAUTY_CARE/cuidado_corporal/vive_beauty_mantequilla_corporal/vive_beauty_mantequilla_corporal_2.webp,31774,31284,490,800x1000,800x1000,76,optimizada
assets/productos/BEAUTY_CARE/cuidado_facial/bioaqua_mascarillas_faciales/bioaqua_mascarillas_faciales_0.webp,148562,145602,2960,1000x1500,1000x1500,80,optimizada
assets/productos/BEAUTY_CARE/cuidado_facial/bioaqua_mascarillas_faciales/bioaqua_mascarillas_faciales_1.webp,39496,38392,1104,750x1000,750x1000,76,optimizada
assets/productos/BEAUTY_CARE/cuidado_facial/bioaqua_mascarillas_faciales/bioaqua_mascarillas_faciales_2.webp,44500,43790,710,750x1000,750x1000,76,optimizada
assets/productos/BEAUTY_CARE/cuidado_facial/eucerin_protector_solar_facial_toque_seco_spf_50/eucerin_protector_solar_facial_toque_seco_spf_50_0.webp,111014,108596,2418,1000x1500,1000x1500,80,optimizada
assets/productos/BEAUTY_CARE/cuidado_facial/eucerin_protector_solar_facial_toque_seco_spf_50/eucerin_protector_solar_facial_toque_seco_spf_50_1.webp,9972,9872,100,800x800,800x800,76,optimizada
assets/productos/BEAUTY_CARE/cuidado_facial/eucerin_protector_solar_facial_toque_seco_spf_50/eucerin_protector_solar_facial_toque_seco_spf_50_2.webp,31674,31542,132,800x800,800x800,76,optimizada
assets/productos/BEAUTY_CARE/cuidado_facial/eucerin_protector_solar_facial_toque_seco_spf_50/eucerin_protector_solar_facial_toque_seco_spf_50_3.webp,44914,44712,202,800x800,800x800,76,optimizada
assets/productos/BEAUTY_CARE/cuidado_facial/eucerin_protector_solar_facial_toque_seco_spf_50/eucerin_protector_solar_facial_toque_seco_spf_50_4.webp,22380,22254,126,800x800,800x800,76,optimizada
assets/productos/BEAUTY_CARE/cuidado_facial/fine_lady_tonico_de_rosas_facial/fine_lady_tonico_de_rosas_facial_0.webp,122970,120478,2492,1000x1500,1000x1500,80,optimizada
assets/productos/BEAUTY_CARE/cuidado_facial/fine_lady_tonico_de_rosas_facial/fine_lady_tonico_de_rosas_facial_1.webp,12140,11892,248,800x800,800x800,76,optimizada
assets/productos/BEAUTY_CARE/cuidado_facial/fine_lady_tonico_de_rosas_facial/fine_lady_tonico_de_rosas_facial_2.webp,16962,16724,238,467x757,467x757,76,optimizada
assets/productos/BEAUTY_CARE/cuidado_facial/kaba_locion_astringente_kaba/kaba_locion_astringente_kaba_0.webp,7646,7548,98,364x500,364x500,80,optimizada
assets/productos/BEAUTY_CARE/cuidado_facial/kaba_locion_astringente_kaba/kaba_locion_astringente_kaba_1.webp,68244,66562,1682,800x1000,800x1000,76,optimizada
assets/productos/BEAUTY_CARE/cuidado_facial/montoc_agua_de_rosas_skincare/montoc_agua_de_rosas_skincare_0.webp,112084,109414,2670,1000x1500,1000x1500,80,optimizada
assets/productos/BEAUTY_CARE/cuidado_facial/montoc_agua_de_rosas_skincare/montoc_agua_de_rosas_skincare_1.webp,10850,10676,174,800x800,800x800,76,optimizada
assets/productos/BEAUTY_CARE/cuidado_facial/montoc_agua_de_rosas_skincare/montoc_agua_de_rosas_skincare_2.webp,13064,12732,332,554x554,554x554,76,optimizada
assets/productos/BEAUTY_CARE/cuidado_facial/montoc_agua_de_rosas_skincare/montoc_agua_de_rosas_skincare_3.webp,6400,6282,118,500x500,500x500,76,optimizada
assets/productos/BEAUTY_CARE/cuidado_facial/neutrogena_hydro_boost_exfoliante_diario/neutrogena_hydro_boost_exfoliante_diario_0.webp,118606,115648,2958,1086x1448,1086x1448,80,optimizada
assets/productos/BEAUTY_CARE/cuidado_facial/neutrogena_hydro_boost_exfoliante_diario/neutrogena_hydro_boost_exfoliante_diario_1.webp,7736,7604,132,600x600,600x600,76,optimizada
assets/productos/BEAUTY_CARE/cuidado_facial/neutrogena_hydro_boost_exfoliante_diario/neutrogena_hydro_boost_exfoliante_diario_2.webp,12982,12898,84,600x600,600x600,76,optimizada
assets/productos/BEAUTY_CARE/cuidado_facial/neutrogena_hydro_boost_exfoliante_diario/neutrogena_hydro_boost_exfoliante_diario_3.webp,16240,16100,140,600x600,600x600,76,optimizada
assets/productos/BEAUTY_CARE/cuidado_facial/neutrogena_hydro_boost_exfoliante_diario/neutrogena_hydro_boost_exfoliante_diario_4.webp,22114,21702,412,600x600,600x600,76,optimizada
assets/productos/BEAUTY_CARE/cuidado_facial/nixoderm_crema_facial/nixoderm_crema_facial_0.webp,121972,118874,3098,1000x1500,1000x1500,80,optimizada
assets/productos/BEAUTY_CARE/cuidado_facial/nixoderm_crema_facial/nixoderm_crema_facial_1.webp,21528,21150,378,800x801,800x801,76,optimizada
assets/productos/BEAUTY_CARE/cuidado_facial/nixoderm_crema_facial/nixoderm_crema_facial_2.webp,32578,31818,760,800x800,800x800,76,optimizada
assets/productos/BEAUTY_CARE/cuidado_facial/nixoderm_crema_facial/nixoderm_crema_facial_3.webp,26302,26026,276,700x500,700x500,76,optimizada
assets/productos/BEAUTY_CARE/cuidado_facial/nixoderm_crema_facial/nixoderm_crema_facial_4.webp,34432,34170,262,800x776,800x776,76,optimizada
assets/productos/BEAUTY_CARE/cuidado_facial/ollie_protector_solar_en_barra/ollie_protector_solar_en_barra_0.webp,99080,97356,1724,1000x1500,1000x1500,80,optimizada
assets/productos/BEAUTY_CARE/cuidado_facial/ollie_protector_solar_en_barra/ollie_protector_solar_en_barra_1.webp,14226,13986,240,736x736,736x736,76,optimizada
assets/productos/BEAUTY_CARE/cuidado_facial/ollie_protector_solar_en_barra/ollie_protector_solar_en_barra_2.webp,13916,13484,432,474x842,474x842,76,optimizada
assets/productos/BEAUTY_CARE/cuidado_facial/purpure_tonico_control_grasa_facial/purpure_tonico_control_grasa_facial_0.webp,121700,118778,2922,1000x1500,1000x1500,80,optimizada
assets/productos/BEAUTY_CARE/cuidado_facial/purpure_tonico_control_grasa_facial/purpure_tonico_control_grasa_facial_1.webp,14364,13864,500,300x1000,300x1000,76,optimizada
assets/productos/BEAUTY_CARE/cuidado_facial/purpure_tonico_control_grasa_facial/purpure_tonico_control_grasa_facial_2.webp,25158,24920,238,456x1000,456x1000,76,optimizada
assets/productos/BEAUTY_CARE/cuidado_facial/purpure_tonico_control_grasa_facial/purpure_tonico_control_grasa_facial_3.webp,23324,23060,264,422x1000,422x1000,76,optimizada
assets/productos/BEAUTY_CARE/fragancia_corporal/purpure_brilli_brilli_spray_corporal/purpure_brilli_brilli_spray_corporal_0.webp,122872,119682,3190,1086x1448,1086x1448,80,optimizada
assets/productos/BEAUTY_CARE/fragancia_corporal/purpure_brilli_brilli_spray_corporal/purpure_brilli_brilli_spray_corporal_1.webp,7114,6954,160,768x768,768x768,76,optimizada
assets/productos/BEAUTY_CARE/fragancia_corporal/purpure_brilli_brilli_spray_corporal/purpure_brilli_brilli_spray_corporal_2.webp,22498,22070,428,799x799,799x799,76,optimizada
assets/productos/BEAUTY_CARE/fragancia_corporal/vive_beauty_body_splash/vive_beauty_body_splash_0.webp,111604,109256,2348,1000x1500,1000x1500,80,optimizada
assets/productos/BEAUTY_CARE/fragancia_corporal/vive_beauty_body_splash/vive_beauty_body_splash_1.webp,30752,28948,1804,800x1000,800x1000,76,optimizada
assets/productos/BEAUTY_CARE/fragancia_corporal/vive_beauty_body_splash/vive_beauty_body_splash_2.webp,31774,31284,490,800x1000,800x1000,76,optimizada
assets/productos/BEAUTY_CARE/kit_corporal/vidan_dreams_kit_chispitas/vidan_dreams_kit_chispitas_0.webp,143612,140998,2614,1000x1500,1000x1500,80,optimizada
assets/productos/BEAUTY_CARE/kit_corporal/vidan_dreams_kit_chispitas/vidan_dreams_kit_chispitas_1.webp,36734,35652,1082,768x768,768x768,76,optimizada
assets/productos/BEAUTY_CARE/kit_corporal/vidan_dreams_kit_chispitas/vidan_dreams_kit_chispitas_3.webp,16712,16246,466,768x768,768x768,76,optimizada
assets/productos/BEAUTY_CARE/kit_corporal/vidan_dreams_kit_chispitas/vidan_dreams_kit_chispitas_4.webp,22992,22360,632,768x768,768x768,76,optimizada
assets/productos/BEAUTY_CARE/kit_corporal/vidan_dreams_kit_chispitas/vidan_dreams_kit_chispitas_5.webp,20360,19572,788,768x768,768x768,76,optimizada
assets/productos/BEAUTY_CARE/kit_corporal/vive_beauty_kit_corporal_match_perfecto/vive_beauty_kit_corporal_match_perfecto_0.webp,131676,128058,3618,1122x1402,1122x1402,80,optimizada
assets/productos/BEAUTY_CARE/kit_corporal/vive_beauty_kit_corporal_match_perfecto/vive_beauty_kit_corporal_match_perfecto_1.webp,21336,21036,300,800x991,800x991,76,optimizada
assets/productos/BEAUTY_CARE/kit_corporal/vive_beauty_kit_corporal_match_perfecto/vive_beauty_kit_corporal_match_perfecto_2.webp,31774,31284,490,800x1000,800x1000,76,optimizada
assets/productos/BEAUTY_CARE/kit_corporal/vive_beauty_kit_corporal_match_perfecto/vive_beauty_kit_corporal_match_perfecto_3.webp,31774,31284,490,800x1000,800x1000,76,optimizada
assets/productos/BEAUTY_CARE/kit_corporal/vive_beauty_kit_corporal_match_perfecto/vive_beauty_kit_corporal_match_perfecto_4.webp,21336,21036,300,800x991,800x991,76,optimizada
assets/productos/BEAUTY_CARE/kit_corporal/vive_beauty_kit_corporal_match_perfecto/vive_beauty_kit_corporal_match_perfecto_5.webp,31774,31284,490,800x1000,800x1000,76,optimizada
assets/productos/BEAUTY_CARE/kit_corporal/vive_beauty_kit_corporal_match_perfecto/vive_beauty_kit_corporal_match_perfecto_6.webp,21336,21036,300,800x991,800x991,76,optimizada
assets/productos/BEAUTY_CARE/kit_corporal/vive_beauty_kit_corporal_match_perfecto/vive_beauty_kit_corporal_match_perfecto_7.webp,21336,21036,300,800x991,800x991,76,optimizada
assets/productos/BEAUTY_CARE/kit_corporal/vive_beauty_kit_corporal_match_perfecto/vive_beauty_kit_corporal_match_perfecto_8.webp,31774,31284,490,800x1000,800x1000,76,optimizada
assets/productos/BEAUTY_CARE/labios/vogue_balsamo_kiss_producto_labial/vogue_balsamo_kiss_producto_labial_0.webp,117236,114936,2300,1122x1402,1122x1402,80,optimizada
assets/productos/BEAUTY_CARE/labios/vogue_balsamo_kiss_producto_labial/vogue_balsamo_kiss_producto_labial_1.webp,6016,5990,26,360x360,360x360,76,optimizada
assets/productos/BEAUTY_CARE/labios/vogue_balsamo_kiss_producto_labial/vogue_balsamo_kiss_producto_labial_2.webp,4946,4886,60,115x360,115x360,76,optimizada
assets/productos/BEAUTY_CARE/labios/vogue_balsamo_kiss_producto_labial/vogue_balsamo_kiss_producto_labial_3.webp,15444,15400,44,622x1000,622x1000,76,optimizada
assets/productos/BEAUTY_CARE/labios/vogue_balsamo_kiss_producto_labial/vogue_balsamo_kiss_producto_labial_4.webp,1862,1854,8,360x360,360x360,76,optimizada
assets/productos/BEAUTY_CARE/labios/vogue_balsamo_kiss_producto_labial/vogue_balsamo_kiss_producto_labial_5.webp,5582,5558,24,360x360,360x360,76,optimizada
assets/productos/BEAUTY_CARE/labios/vogue_balsamo_kiss_producto_labial/vogue_balsamo_kiss_producto_labial_6.webp,3246,3230,16,360x360,360x360,76,optimizada
assets/productos/BEAUTY_CARE/maquillaje/atenea_blush_rubor/atenea_blush_rubor_0.webp,113994,111304,2690,1000x1500,1000x1500,80,optimizada
assets/productos/BEAUTY_CARE/maquillaje/atenea_blush_rubor/atenea_blush_rubor_1.webp,18906,18602,304,750x1000,750x1000,76,optimizada
assets/productos/BEAUTY_CARE/maquillaje/atenea_blush_rubor/atenea_blush_rubor_2.webp,31410,30586,824,750x1000,750x1000,76,optimizada
assets/productos/BEAUTY_CARE/maquillaje/atenea_blush_rubor/atenea_blush_rubor_3.webp,39400,38486,914,750x1000,750x1000,76,optimizada
assets/productos/BEAUTY_CARE/maquillaje/atenea_blush_rubor/atenea_blush_rubor_4.webp,32788,31788,1000,750x1000,750x1000,76,optimizada
assets/productos/BEAUTY_CARE/maquillaje/atenea_blush_rubor/atenea_blush_rubor_5.webp,32060,31064,996,750x1000,750x1000,76,optimizada
assets/productos/BEAUTY_CARE/maquillaje/atenea_blush_rubor/atenea_blush_rubor_6.webp,27228,26006,1222,750x1000,750x1000,76,optimizada
assets/productos/BEAUTY_CARE/maquillaje/beauty_glazed_lapiz_delineador_para_cejas_u_ojos/beauty_glazed_lapiz_delineador_para_cejas_u_ojos_0.webp,122846,120270,2576,1086x1448,1086x1448,80,optimizada
assets/productos/BEAUTY_CARE/maquillaje/beauty_glazed_lapiz_delineador_para_cejas_u_ojos/beauty_glazed_lapiz_delineador_para_cejas_u_ojos_1.webp,6898,6824,74,221x598,221x598,76,optimizada
assets/productos/BEAUTY_CARE/maquillaje/bloom_bloom_capuchic/bloom_bloom_capuchic_0.webp,11954,11796,158,387x516,387x516,80,optimizada
assets/productos/BEAUTY_CARE/maquillaje/bloom_bloom_capuchic/bloom_bloom_capuchic_1.webp,77118,74798,2320,800x1000,800x1000,76,optimizada
assets/productos/BEAUTY_CARE/maquillaje/bloom_bloom_cosmic/bloom_bloom_cosmic_0.webp,16434,16226,208,750x750,750x750,80,optimizada
assets/productos/BEAUTY_CARE/maquillaje/bloom_bloom_cosmic/bloom_bloom_cosmic_1.webp,75562,73918,1644,667x1000,667x1000,76,optimizada
assets/productos/BEAUTY_CARE/maquillaje/bloom_bloom_dolce_destello/bloom_bloom_dolce_destello_0.webp,22352,21846,506,554x554,554x554,80,optimizada
assets/productos/BEAUTY_CARE/maquillaje/bloom_bloom_dolce_destello/bloom_bloom_dolce_destello_1.webp,83992,81502,2490,800x1000,800x1000,76,optimizada
assets/productos/BEAUTY_CARE/maquillaje/bloom_bloom_jelly_fusion/bloom_bloom_jelly_fusion_0.webp,7960,7822,138,480x640,480x640,80,optimizada
assets/productos/BEAUTY_CARE/maquillaje/bloom_bloom_jelly_fusion/bloom_bloom_jelly_fusion_1.webp,80442,78474,1968,750x1000,750x1000,76,optimizada
assets/productos/BEAUTY_CARE/maquillaje/bloom_bloom_pop_mimosa/bloom_bloom_pop_mimosa_0.webp,8280,7954,326,480x640,480x640,80,optimizada
assets/productos/BEAUTY_CARE/maquillaje/bloom_bloom_pop_mimosa/bloom_bloom_pop_mimosa_1.webp,72352,69878,2474,800x1000,800x1000,76,optimizada
assets/productos/BEAUTY_CARE/maquillaje/bloom_bloom_ultra_blendi/bloom_bloom_ultra_blendi_0.webp,16344,16128,216,385x519,385x519,80,optimizada
assets/productos/BEAUTY_CARE/maquillaje/bloom_bloom_ultra_blendi/bloom_bloom_ultra_blendi_10.webp,94738,92310,2428,800x1000,800x1000,76,optimizada
assets/productos/BEAUTY_CARE/maquillaje/bloom_bloom_vibes/bloom_bloom_vibes_0.webp,41742,41004,738,1086x1448,1086x1448,80,optimizada
assets/productos/BEAUTY_CARE/maquillaje/bloom_bloom_vibes/bloom_bloom_vibes_1.webp,83270,81074,2196,800x1000,800x1000,76,optimizada
assets/productos/BEAUTY_CARE/maquillaje/bloomshell_bloom_laminator/bloomshell_bloom_laminator_0.webp,116514,113720,2794,1122x1402,1122x1402,80,optimizada
assets/productos/BEAUTY_CARE/maquillaje/bloomshell_bloom_laminator/bloomshell_bloom_laminator_1.webp,30730,29748,982,800x872,800x872,76,optimizada
assets/productos/BEAUTY_CARE/maquillaje/bloomshell_bloom_laminator/bloomshell_bloom_laminator_2.webp,34190,33060,1130,764x1000,764x1000,76,optimizada
assets/productos/BEAUTY_CARE/maquillaje/bloomshell_bloom_laminator/bloomshell_bloom_laminator_3.webp,27260,26686,574,800x961,800x961,76,optimizada
assets/productos/BEAUTY_CARE/maquillaje/kj_beauty_mascara_de_pestanas_con_serum_y_biotina_gel_transparente/kj_beauty_mascara_de_pestanas_con_serum_y_biotina_gel_transparente_0.webp,123702,121374,2328,1000x1500,1000x1500,80,optimizada
assets/productos/BEAUTY_CARE/maquillaje/kj_beauty_mascara_de_pestanas_con_serum_y_biotina_gel_transparente/kj_beauty_mascara_de_pestanas_con_serum_y_biotina_gel_transparente_1.webp,30084,29786,298,800x800,800x800,76,optimizada
assets/productos/BEAUTY_CARE/maquillaje/kj_beauty_mascara_de_pestanas_con_serum_y_biotina_gel_transparente/kj_beauty_mascara_de_pestanas_con_serum_y_biotina_gel_transparente_2.webp,16164,15794,370,800x800,800x800,76,optimizada
assets/productos/BEAUTY_CARE/maquillaje/kj_beauty_mascara_de_pestanas_con_serum_y_biotina_gel_transparente/kj_beauty_mascara_de_pestanas_con_serum_y_biotina_gel_transparente_3.webp,31306,31038,268,800x800,800x800,76,optimizada
assets/productos/BEAUTY_CARE/maquillaje/ollie_rubor_en_barra/ollie_rubor_en_barra_0.webp,111662,109010,2652,1122x1402,1122x1402,80,optimizada
assets/productos/BEAUTY_CARE/maquillaje/ollie_rubor_en_barra/ollie_rubor_en_barra_1.webp,6336,6174,162,736x736,736x736,76,optimizada
assets/productos/BEAUTY_CARE/maquillaje/ollie_rubor_en_barra/ollie_rubor_en_barra_2.webp,40754,39648,1106,800x800,800x800,76,optimizada
assets/productos/BEAUTY_CARE/maquillaje/prosa_mascara_de_pestanas_4_en_1/prosa_mascara_de_pestanas_4_en_1_0.webp,120546,118232,2314,1000x1500,1000x1500,80,optimizada
assets/productos/BEAUTY_CARE/maquillaje/prosa_mascara_de_pestanas_4_en_1/prosa_mascara_de_pestanas_4_en_1_1.webp,19710,19198,512,736x981,736x981,76,optimizada
assets/productos/BEAUTY_CARE/maquillaje/prosa_mascara_de_pestanas_4_en_1/prosa_mascara_de_pestanas_4_en_1_2.webp,40462,39230,1232,736x981,736x981,76,optimizada
assets/productos/BEAUTY_CARE/maquillaje/prosa_mascara_de_pestanas_4_en_1/prosa_mascara_de_pestanas_4_en_1_3.webp,56104,54736,1368,736x981,736x981,76,optimizada
assets/productos/BEAUTY_CARE/maquillaje/samy_rubor_blush_compacto/samy_rubor_blush_compacto_0.webp,145772,143228,2544,1000x1500,1000x1500,80,optimizada
assets/productos/BEAUTY_CARE/maquillaje/samy_rubor_blush_compacto/samy_rubor_blush_compacto_1.webp,30444,29882,562,661x662,661x662,76,optimizada
assets/productos/BEAUTY_CARE/maquillaje/samy_rubor_blush_compacto/samy_rubor_blush_compacto_2.webp,40328,39410,918,800x800,800x800,76,optimizada
assets/productos/BEAUTY_CARE/maquillaje_de_cejas/bloom_bloom_lamination_xl/bloom_bloom_lamination_xl_0.webp,13798,13474,324,427x468,427x468,80,optimizada
assets/productos/BEAUTY_CARE/maquillaje_de_cejas/bloom_bloom_lamination_xl/bloom_bloom_lamination_xl_1.webp,84924,83266,1658,800x1000,800x1000,76,optimizada
assets/productos/BEAUTY_CARE/maquillaje_de_labios/bloom_bloom_latte_kiss/bloom_bloom_latte_kiss_0.webp,13788,13526,262,480x640,480x640,80,optimizada
assets/productos/BEAUTY_CARE/maquillaje_de_labios/bloom_bloom_latte_kiss/bloom_bloom_latte_kiss_1.webp,84668,82498,2170,800x1000,800x1000,76,optimizada
assets/productos/BEAUTY_CARE/maquillaje_de_labios/bloom_bloom_lumi_gloss/bloom_bloom_lumi_gloss_0.webp,20776,20610,166,1066x1092,1066x1092,80,optimizada
assets/productos/BEAUTY_CARE/maquillaje_de_labios/bloom_bloom_lumi_gloss/bloom_bloom_lumi_gloss_1.webp,101898,99372,2526,800x1000,800x1000,76,optimizada
assets/productos/BEAUTY_CARE/maquillaje_de_labios_y_mejillas/bloom_bloom_hydratint/bloom_bloom_hydratint_0.webp,11608,11454,154,510x601,510x601,80,optimizada
assets/productos/BEAUTY_CARE/maquillaje_de_labios_y_mejillas/bloom_bloom_hydratint/bloom_bloom_hydratint_1.webp,92370,89494,2876,800x1000,800x1000,76,optimizada
assets/productos/BEAUTY_CARE/maquillaje_de_ojos/bloom_bloom_amore_curl/bloom_bloom_amore_curl_0.webp,23252,23054,198,1000x1000,1000x1000,80,optimizada
assets/productos/BEAUTY_CARE/maquillaje_de_ojos/bloom_bloom_amore_curl/bloom_bloom_amore_curl_1.webp,89828,86814,3014,800x1000,800x1000,76,optimizada
assets/productos/BEAUTY_CARE/maquillaje_de_ojos/bloom_pestanina_lash_waterproof/bloom_pestanina_lash_waterproof_0.webp,22616,22428,188,1000x1500,1000x1500,80,optimizada
assets/productos/BEAUTY_CARE/maquillaje_de_ojos/bloom_pestanina_lash_waterproof/bloom_pestanina_lash_waterproof_1.webp,95206,92130,3076,800x1000,800x1000,76,optimizada
assets/productos/BEAUTY_CARE/maquillaje_facial/ani_k_corrector_liquido/ani_k_corrector_liquido_0.webp,113128,109590,3538,1122x1402,1122x1402,80,optimizada
assets/productos/BEAUTY_CARE/maquillaje_facial/ani_k_corrector_liquido/ani_k_corrector_liquido_1.webp,24620,23996,624,800x897,800x897,76,optimizada
assets/productos/BEAUTY_CARE/maquillaje_facial/atenea_1st_scene_corrector_concealer/atenea_1st_scene_corrector_concealer_0.webp,114012,111806,2206,1000x1500,1000x1500,80,optimizada
assets/productos/BEAUTY_CARE/maquillaje_facial/atenea_1st_scene_corrector_concealer/atenea_1st_scene_corrector_concealer_1.webp,88810,86022,2788,800x983,800x983,76,optimizada
assets/productos/BEAUTY_CARE/maquillaje_facial/atenea_1st_scene_corrector_concealer/atenea_1st_scene_corrector_concealer_2.webp,60918,59550,1368,800x979,800x979,76,optimizada
assets/productos/BEAUTY_CARE/maquillaje_facial/bloom_bloom_powder_paper/bloom_bloom_powder_paper_0.webp,9560,9206,354,480x640,480x640,80,optimizada
assets/productos/BEAUTY_CARE/maquillaje_facial/bloom_bloom_powder_paper/bloom_bloom_powder_paper_1.webp,81860,78570,3290,800x1000,800x1000,76,optimizada
assets/productos/BEAUTY_CARE/maquillaje_facial/bloom_corrector_neutralizante_bloom/bloom_corrector_neutralizante_bloom_0.webp,20298,19756,542,799x799,799x799,80,optimizada
assets/productos/BEAUTY_CARE/maquillaje_facial/bloom_corrector_neutralizante_bloom/bloom_corrector_neutralizante_bloom_1.webp,97000,94604,2396,800x1000,800x1000,76,optimizada
assets/productos/BEAUTY_CARE/maquillaje_facial/bloom_polvo_compacto_bloom/bloom_polvo_compacto_bloom_0.webp,10280,10076,204,497x467,497x467,80,optimizada
assets/productos/BEAUTY_CARE/maquillaje_facial/bloom_polvo_compacto_bloom/bloom_polvo_compacto_bloom_1.webp,95196,92366,2830,800x1000,800x1000,76,optimizada
assets/productos/BEAUTY_CARE/maquillaje_facial/bloomshell_my_concealer/bloomshell_my_concealer_0.webp,102358,100350,2008,1000x1500,1000x1500,80,optimizada
assets/productos/BEAUTY_CARE/maquillaje_facial/bloomshell_my_concealer/bloomshell_my_concealer_1.webp,58640,57346,1294,776x1000,776x1000,76,optimizada
assets/productos/BEAUTY_CARE/maquillaje_facial/bloomshell_my_concealer/bloomshell_my_concealer_2.webp,51186,49174,2012,800x952,800x952,76,optimizada
assets/productos/BEAUTY_CARE/maquillaje_facial/bloomshell_my_concealer/bloomshell_my_concealer_3.webp,44986,43092,1894,800x779,800x779,76,optimizada
assets/productos/BEAUTY_CARE/maquillaje_facial/bloomshell_my_concealer/bloomshell_my_concealer_4.webp,14854,14596,258,800x793,800x793,76,optimizada
assets/productos/BEAUTY_CARE/maquillaje_facial/maybelline_base_fit_me_matte_poreless/maybelline_base_fit_me_matte_poreless_0.webp,107234,104502,2732,1122x1402,1122x1402,80,optimizada
assets/productos/BEAUTY_CARE/maquillaje_facial/maybelline_base_fit_me_matte_poreless/maybelline_base_fit_me_matte_poreless_1.webp,9072,9008,64,250x775,250x775,76,optimizada
assets/productos/BEAUTY_CARE/maquillaje_facial/maybelline_base_fit_me_matte_poreless/maybelline_base_fit_me_matte_poreless_2.webp,10506,10382,124,560x726,560x726,76,optimizada
assets/productos/BEAUTY_CARE/maquillaje_facial/maybelline_base_fit_me_matte_poreless/maybelline_base_fit_me_matte_poreless_3.webp,25000,24610,390,800x800,800x800,76,optimizada
assets/productos/BEAUTY_CARE/maquillaje_facial/maybelline_base_fit_me_matte_poreless/maybelline_base_fit_me_matte_poreless_4.webp,15218,14792,426,800x793,800x793,76,optimizada
assets/productos/BEAUTY_CARE/maquillaje_labios/atenea_lip_oil_tinted/atenea_lip_oil_tinted_0.webp,107998,105558,2440,1086x1448,1086x1448,80,optimizada
assets/productos/BEAUTY_CARE/maquillaje_labios/atenea_lip_oil_tinted/atenea_lip_oil_tinted_1.webp,33988,32972,1016,760x1000,760x1000,76,optimizada
assets/productos/BEAUTY_CARE/maquillaje_labios/atenea_lip_oil_tinted/atenea_lip_oil_tinted_2.webp,21308,20076,1232,760x1000,760x1000,76,optimizada
assets/productos/BEAUTY_CARE/maquillaje_labios/destiny_lip_gloss/destiny_lip_gloss_0.webp,111860,109542,2318,1000x1500,1000x1500,80,optimizada
assets/productos/BEAUTY_CARE/maquillaje_labios/destiny_lip_gloss/destiny_lip_gloss_1.webp,26552,25292,1260,666x1000,666x1000,76,optimizada
assets/productos/BEAUTY_CARE/maquillaje_labios/destiny_lip_gloss/destiny_lip_gloss_2.webp,23820,23152,668,800x739,800x739,76,optimizada
assets/productos/BEAUTY_CARE/maquillaje_labios/destiny_lip_gloss/destiny_lip_gloss_3.webp,27108,25480,1628,666x1000,666x1000,76,optimizada
assets/productos/BEAUTY_CARE/maquillaje_labios/destiny_lip_gloss/destiny_lip_gloss_4.webp,12108,11912,196,800x379,800x379,76,optimizada
assets/productos/BEAUTY_CARE/maquillaje_labios/destiny_lip_gloss/destiny_lip_gloss_5.webp,22154,21134,1020,666x1000,666x1000,76,optimizada
assets/productos/BEAUTY_CARE/maquillaje_labios/destiny_lip_gloss/destiny_lip_gloss_6.webp,22064,21190,874,666x1000,666x1000,76,optimizada
assets/productos/BEAUTY_CARE/maquillaje_labios/destiny_lip_gloss/destiny_lip_gloss_7.webp,31092,28944,2148,666x1000,666x1000,76,optimizada
assets/productos/BEAUTY_CARE/maquillaje_labios/destiny_lip_gloss/destiny_lip_gloss_8.webp,35108,34092,1016,562x1000,562x1000,76,optimizada
assets/productos/BEAUTY_CARE/maquillaje_labios/destiny_lip_gloss/destiny_lip_gloss_9.webp,39620,38356,1264,800x800,800x800,76,optimizada
assets/productos/BEAUTY_CARE/maquillaje_labios/destiny_lip_liner/destiny_lip_liner_0.webp,111766,109370,2396,1000x1500,1000x1500,80,optimizada
assets/productos/BEAUTY_CARE/maquillaje_labios/destiny_lip_liner/destiny_lip_liner_1.webp,21366,20528,838,800x800,800x800,76,optimizada
assets/productos/BEAUTY_CARE/maquillaje_labios/destiny_lip_liner/destiny_lip_liner_10.webp,24382,22772,1610,800x800,800x800,76,optimizada
assets/productos/BEAUTY_CARE/maquillaje_labios/destiny_lip_liner/destiny_lip_liner_2.webp,15478,15368,110,800x379,800x379,76,optimizada
assets/productos/BEAUTY_CARE/maquillaje_labios/destiny_lip_liner/destiny_lip_liner_3.webp,11484,11390,94,800x800,800x800,76,optimizada
assets/productos/BEAUTY_CARE/maquillaje_labios/destiny_lip_liner/destiny_lip_liner_4.webp,20876,19938,938,800x800,800x800,76,optimizada
assets/productos/BEAUTY_CARE/maquillaje_labios/destiny_lip_liner/destiny_lip_liner_5.webp,3594,3574,20,800x800,800x800,76,optimizada
assets/productos/BEAUTY_CARE/maquillaje_labios/destiny_lip_liner/destiny_lip_liner_6.webp,28856,27124,1732,800x800,800x800,76,optimizada
assets/productos/BEAUTY_CARE/maquillaje_labios/destiny_lip_liner/destiny_lip_liner_7.webp,11408,11312,96,800x800,800x800,76,optimizada
assets/productos/BEAUTY_CARE/maquillaje_labios/destiny_lip_liner/destiny_lip_liner_8.webp,21062,20016,1046,800x800,800x800,76,optimizada
assets/productos/BEAUTY_CARE/maquillaje_labios/destiny_lip_liner/destiny_lip_liner_9.webp,13846,12936,910,800x800,800x800,76,optimizada
assets/productos/BEAUTY_CARE/maquillaje_o_cuidado_de_labios/bloom_bloom_aqua_fruit/bloom_bloom_aqua_fruit_0.webp,53856,52576,1280,1086x1448,1086x1448,80,optimizada
assets/productos/BEAUTY_CARE/maquillaje_o_cuidado_de_labios/bloom_bloom_aqua_fruit/bloom_bloom_aqua_fruit_1.webp,108158,104412,3746,800x1000,800x1000,76,optimizada
assets/productos/STYLE/accesorios/pulsera_de_girasol_para_mujer/pulsera_de_girasol_para_mujer_1.webp,10186,9902,284,562x1000,562x1000,76,optimizada
assets/productos/STYLE/blusa_laura/blusa_laura_0.webp,17848,17212,636,346x419,346x419,80,optimizada
assets/productos/STYLE/blusa_libelula/blusa_libelula_0.webp,16252,16106,146,315x397,315x397,80,optimizada
assets/productos/STYLE/blusa_sharon/blusa_sharon_0.webp,13390,13094,296,328x419,328x419,80,optimizada
assets/productos/STYLE/bluson_redondo/bluson_redondo_0.webp,13994,13818,176,331x423,331x423,80,optimizada
assets/productos/STYLE/buzo_calentador_dama/buzo_calentador_dama_0.webp,23486,23172,314,361x435,361x435,80,optimizada
assets/productos/STYLE/calentador_hombre_unicolor_nacional/calentador_hombre_unicolor_nacional_0.webp,16242,16104,138,340x403,340x403,80,optimizada
assets/productos/STYLE/calentador_nino/calentador_nino_0.webp,9516,9364,152,345x386,345x386,80,optimizada
assets/productos/STYLE/camiseta_capriati_cuello_v_o_redondo/camiseta_capriati_cuello_v_o_redondo_0.webp,16038,15832,206,345x423,345x423,80,optimizada
assets/productos/STYLE/camiseta_corta_capucha_cierre_mallatex/camiseta_corta_capucha_cierre_mallatex_0.webp,13476,13166,310,315x421,315x421,80,optimizada
assets/productos/STYLE/camiseta_corta_crochet/camiseta_corta_crochet_0.webp,29436,28936,500,333x442,333x442,80,optimizada
assets/productos/STYLE/camiseta_corta_mallatex/camiseta_corta_mallatex_0.webp,11978,11744,234,318x456,318x456,80,optimizada
assets/productos/STYLE/camiseta_hombre_esqueleto_nacional/camiseta_hombre_esqueleto_nacional_0.webp,10978,10734,244,340x403,340x403,80,optimizada
assets/productos/STYLE/camiseta_hombre_unicolor_nacional/camiseta_hombre_unicolor_nacional_0.webp,9948,9778,170,356x386,356x386,80,optimizada
assets/productos/STYLE/camiseta_importada_hombre/camiseta_importada_hombre_0.webp,10088,9870,218,346x420,346x420,80,optimizada
assets/productos/STYLE/camiseta_oversize_hombre/camiseta_oversize_hombre_0.webp,15990,15768,222,357x386,357x386,80,optimizada
assets/productos/STYLE/chaleco_extremo/chaleco_extremo_0.webp,16328,16008,320,367x456,367x456,80,optimizada
assets/productos/STYLE/chaleco_tira_brasier_latex/chaleco_tira_brasier_latex_0.webp,29066,28600,466,388x471,388x471,80,optimizada
assets/productos/STYLE/chaqueta_hombre_antifluido_con_capucha/chaqueta_hombre_antifluido_con_capucha_0.webp,15642,15242,400,346x416,346x416,80,optimizada
assets/productos/STYLE/chaqueta_importada_dama_sin_capucha/chaqueta_importada_dama_sin_capucha_0.webp,18994,18760,234,323x446,323x446,80,optimizada
assets/productos/STYLE/chaqueta_manga_larga_capriati/chaqueta_manga_larga_capriati_0.webp,13674,13440,234,315x423,315x423,80,optimizada
assets/productos/STYLE/cinturilla_extrema/cinturilla_extrema_0.webp,11820,11396,424,367x456,367x456,80,optimizada
assets/productos/STYLE/cinturilla_latex/cinturilla_latex_0.webp,20962,20764,198,366x447,366x447,80,optimizada
assets/productos/STYLE/cinturilla_magic_latex/cinturilla_magic_latex_0.webp,28274,28100,174,362x445,362x445,80,optimizada
assets/productos/STYLE/cinturillas/chaleco_extremo/chaleco_extremo_0.webp,81482,78434,3048,844x1500,844x1500,80,optimizada
assets/productos/STYLE/cinturillas/chaleco_extremo/chaleco_extremo_1.webp,39564,39242,322,667x1000,667x1000,76,optimizada
assets/productos/STYLE/cinturillas/chaleco_tira_brasier_latex/chaleco_tira_brasier_latex_0.webp,77832,75088,2744,844x1500,844x1500,80,optimizada
assets/productos/STYLE/cinturillas/chaleco_tira_brasier_latex/chaleco_tira_brasier_latex_1.webp,37078,36160,918,563x1000,563x1000,76,optimizada
assets/productos/STYLE/cinturillas/cinturilla_extrema/cinturilla_extrema_0.webp,67768,65830,1938,844x1500,844x1500,80,optimizada
assets/productos/STYLE/cinturillas/cinturilla_extrema/cinturilla_extrema_1.webp,42780,41896,884,563x1000,563x1000,76,optimizada
assets/productos/STYLE/cinturillas/cinturilla_latex/cinturilla_latex_0.webp,75972,73298,2674,844x1500,844x1500,80,optimizada
assets/productos/STYLE/cinturillas/cinturilla_latex/cinturilla_latex_1.webp,42198,41212,986,563x1000,563x1000,76,optimizada
assets/productos/STYLE/cinturillas/cinturilla_magic_latex/cinturilla_magic_latex_0.webp,110306,107588,2718,844x1500,844x1500,80,optimizada
assets/productos/STYLE/cinturillas/cinturilla_magic_latex/cinturilla_magic_latex_1.webp,35420,34858,562,563x1000,563x1000,76,optimizada
assets/productos/STYLE/conjunto_3_piezas/conjunto_3_piezas_0.webp,18112,17942,170,342x450,342x450,80,optimizada
assets/productos/STYLE/conjunto_danny/conjunto_danny_0.webp,13636,13424,212,331x433,331x433,80,optimizada
assets/productos/STYLE/conjunto_natzuki/conjunto_natzuki_0.webp,11412,11058,354,362x397,362x397,80,optimizada
assets/productos/STYLE/conjunto_yoga/conjunto_yoga_0.webp,11680,11538,142,332x435,332x435,80,optimizada
assets/productos/STYLE/enterizo_any_2_largo_suplex/enterizo_any_2_largo_suplex_0.webp,9386,9174,212,355x434,355x434,80,optimizada
assets/productos/STYLE/enterizo_any_push_up_corto_suplex/enterizo_any_push_up_corto_suplex_0.webp,18672,18396,276,343x408,343x408,80,optimizada
assets/productos/STYLE/enterizo_danna_push_up_corto_suplex/enterizo_danna_push_up_corto_suplex_0.webp,15062,14860,202,328x425,328x425,80,optimizada
assets/productos/STYLE/enterizo_frida_2_push_up_largo_suplex/enterizo_frida_2_push_up_largo_suplex_0.webp,17948,17740,208,359x427,359x427,80,optimizada
assets/productos/STYLE/enterizo_fryda_corto_suplex/enterizo_fryda_corto_suplex_0.webp,19246,19008,238,346x446,346x446,80,optimizada
assets/productos/STYLE/enterizo_jenny_largo_suplex/enterizo_jenny_largo_suplex_0.webp,16958,16670,288,365x411,365x411,80,optimizada
assets/productos/STYLE/enterizo_largo_bota_campana_suplex/enterizo_largo_bota_campana_suplex_0.webp,19240,19054,186,349x411,349x411,80,optimizada
assets/productos/STYLE/enterizo_lina_push_up_largo_suplex/enterizo_lina_push_up_largo_suplex_0.webp,18200,18034,166,333x415,333x415,80,optimizada
assets/productos/STYLE/enterizo_lupita_push_up_largo/enterizo_lupita_push_up_largo_0.webp,20084,19878,206,326x412,326x412,80,optimizada
assets/productos/STYLE/enterizo_lupita_push_up_largo_bota_ancha/enterizo_lupita_push_up_largo_bota_ancha_0.webp,18318,18196,122,305x415,305x415,80,optimizada
assets/productos/STYLE/enterizo_roma_push_up_corto_suplex/enterizo_roma_push_up_corto_suplex_0.webp,16870,16704,166,344x463,344x463,80,optimizada
assets/productos/STYLE/enterizo_roma_push_up_largo_bota_ancha_suplex/enterizo_roma_push_up_largo_bota_ancha_suplex_0.webp,21762,21568,194,343x426,343x426,80,optimizada
assets/productos/STYLE/enterizo_sandy_corto_suplex/enterizo_sandy_corto_suplex_0.webp,16142,15950,192,343x427,343x427,80,optimizada
assets/productos/STYLE/enterizos/enterizo_any_2_largo_suplex/enterizo_any_2_largo_suplex_0.webp,68208,65990,2218,844x1500,844x1500,80,optimizada
assets/productos/STYLE/enterizos/enterizo_any_push_up_corto_suplex/enterizo_any_push_up_corto_suplex_0.webp,98816,96056,2760,844x1500,844x1500,80,optimizada
assets/productos/STYLE/enterizos/enterizo_any_push_up_corto_suplex/enterizo_any_push_up_corto_suplex_1.webp,12018,11618,400,298x482,298x482,76,optimizada
assets/productos/STYLE/enterizos/enterizo_any_push_up_corto_suplex/enterizo_any_push_up_corto_suplex_2.webp,20982,20522,460,438x617,438x617,76,optimizada
assets/productos/STYLE/enterizos/enterizo_any_push_up_corto_suplex/enterizo_any_push_up_corto_suplex_3.webp,21630,21068,562,471x611,471x611,76,optimizada
assets/productos/STYLE/enterizos/enterizo_danna_push_up_corto_suplex/enterizo_danna_push_up_corto_suplex_0.webp,72716,70648,2068,844x1500,844x1500,80,optimizada
assets/productos/STYLE/enterizos/enterizo_danna_push_up_corto_suplex/enterizo_danna_push_up_corto_suplex_1.webp,9980,9764,216,367x525,367x525,76,optimizada
assets/productos/STYLE/enterizos/enterizo_danna_push_up_corto_suplex/enterizo_danna_push_up_corto_suplex_2.webp,10804,10538,266,388x485,388x485,76,optimizada
assets/productos/STYLE/enterizos/enterizo_danna_push_up_corto_suplex/enterizo_danna_push_up_corto_suplex_3.webp,33632,32548,1084,522x552,522x552,76,optimizada
assets/productos/STYLE/enterizos/enterizo_danna_push_up_corto_suplex/enterizo_danna_push_up_corto_suplex_4.webp,10226,9864,362,372x495,372x495,76,optimizada
assets/productos/STYLE/enterizos/enterizo_frida_2_push_up_largo_suplex/enterizo_frida_2_push_up_largo_suplex_0.webp,118866,113016,5850,844x1500,844x1500,80,optimizada
assets/productos/STYLE/enterizos/enterizo_frida_2_push_up_largo_suplex/enterizo_frida_2_push_up_largo_suplex_1.webp,12974,12396,578,323x583,323x583,76,optimizada
assets/productos/STYLE/enterizos/enterizo_frida_2_push_up_largo_suplex/enterizo_frida_2_push_up_largo_suplex_2.webp,13618,12802,816,315x585,315x585,76,optimizada
assets/productos/STYLE/enterizos/enterizo_frida_2_push_up_largo_suplex/enterizo_frida_2_push_up_largo_suplex_3.webp,24528,23362,1166,437x585,437x585,76,optimizada
assets/productos/STYLE/enterizos/enterizo_frida_2_push_up_largo_suplex/enterizo_frida_2_push_up_largo_suplex_4.webp,16460,15720,740,318x542,318x542,76,optimizada
assets/productos/STYLE/enterizos/enterizo_frida_2_push_up_largo_suplex/enterizo_frida_2_push_up_largo_suplex_5.webp,18174,17694,480,331x542,331x542,76,optimizada
assets/productos/STYLE/enterizos/enterizo_frida_2_push_up_largo_suplex/enterizo_frida_2_push_up_largo_suplex_6.webp,23062,22076,986,401x565,401x565,76,optimizada
assets/productos/STYLE/enterizos/enterizo_fryda_corto_suplex/enterizo_fryda_corto_suplex_0.webp,85478,80256,5222,844x1500,844x1500,80,optimizada
assets/productos/STYLE/enterizos/enterizo_fryda_corto_suplex/enterizo_fryda_corto_suplex_1.webp,44958,42952,2006,563x1000,563x1000,76,optimizada
assets/productos/STYLE/enterizos/enterizo_jenny_largo_suplex/enterizo_jenny_largo_suplex_0.webp,81430,77128,4302,844x1500,844x1500,80,optimizada
assets/productos/STYLE/enterizos/enterizo_jenny_largo_suplex/enterizo_jenny_largo_suplex_1.webp,56880,53414,3466,563x1000,563x1000,76,optimizada
assets/productos/STYLE/enterizos/enterizo_largo_bota_campana_suplex/enterizo_largo_bota_campana_suplex_0.webp,69670,65488,4182,844x1500,844x1500,80,optimizada
assets/productos/STYLE/enterizos/enterizo_largo_bota_campana_suplex/enterizo_largo_bota_campana_suplex_1.webp,50540,48002,2538,563x1000,563x1000,76,optimizada
assets/productos/STYLE/enterizos/enterizo_lina_push_up_largo_suplex/enterizo_lina_push_up_largo_suplex_0.webp,72638,69948,2690,844x1500,844x1500,80,optimizada
assets/productos/STYLE/enterizos/enterizo_lina_push_up_largo_suplex/enterizo_lina_push_up_largo_suplex_1.webp,58262,55654,2608,563x1000,563x1000,76,optimizada
assets/productos/STYLE/enterizos/enterizo_lupita_push_up_largo/enterizo_lupita_push_up_largo_0.webp,69064,65394,3670,844x1500,844x1500,80,optimizada
assets/productos/STYLE/enterizos/enterizo_lupita_push_up_largo/enterizo_lupita_push_up_largo_1.webp,64466,62280,2186,563x1000,563x1000,76,optimizada
assets/productos/STYLE/enterizos/enterizo_lupita_push_up_largo_bota_ancha/enterizo_lupita_push_up_largo_bota_ancha_0.webp,107220,100896,6324,844x1500,844x1500,80,optimizada
assets/productos/STYLE/enterizos/enterizo_lupita_push_up_largo_bota_ancha/enterizo_lupita_push_up_largo_bota_ancha_1.webp,49750,47818,1932,563x1000,563x1000,76,optimizada
assets/productos/STYLE/enterizos/enterizo_roma_push_up_corto_suplex/enterizo_roma_push_up_corto_suplex_0.webp,94340,88794,5546,844x1500,844x1500,80,optimizada
assets/productos/STYLE/enterizos/enterizo_roma_push_up_corto_suplex/enterizo_roma_push_up_corto_suplex_1.webp,49580,46888,2692,563x1000,563x1000,76,optimizada
assets/productos/STYLE/enterizos/enterizo_roma_push_up_largo_bota_ancha_suplex/enterizo_roma_push_up_largo_bota_ancha_suplex_0.webp,104258,98822,5436,844x1500,844x1500,80,optimizada
assets/productos/STYLE/enterizos/enterizo_roma_push_up_largo_bota_ancha_suplex/enterizo_roma_push_up_largo_bota_ancha_suplex_1.webp,58768,55504,3264,563x1000,563x1000,76,optimizada
assets/productos/STYLE/enterizos/enterizo_sandy_corto_suplex/enterizo_sandy_corto_suplex_0.webp,81202,77378,3824,844x1500,844x1500,80,optimizada
assets/productos/STYLE/enterizos/enterizo_sandy_corto_suplex/enterizo_sandy_corto_suplex_1.webp,40980,38476,2504,563x1000,563x1000,76,optimizada
assets/productos/STYLE/falda_prenses_top_unicolor/falda_prenses_top_unicolor_0.webp,18704,17966,738,372x459,372x459,80,optimizada
assets/productos/STYLE/falda_suplex_top_cuello/falda_suplex_top_cuello_0.webp,12950,12246,704,341x433,341x433,80,optimizada
assets/productos/STYLE/falda_unicolor_top/falda_unicolor_top_0.webp,13230,12640,590,356x439,356x439,80,optimizada
assets/productos/STYLE/licra_bota_ancha_suplex_cierre/licra_bota_ancha_suplex_cierre_0.webp,22744,22286,458,333x435,333x435,80,optimizada
assets/productos/STYLE/licra_bota_ancha_suplex_top/licra_bota_ancha_suplex_top_0.webp,11850,11306,544,320x412,320x412,80,optimizada
assets/productos/STYLE/licra_bota_ancha_unicolor_con_vivo_top/licra_bota_ancha_unicolor_con_vivo_top_0.webp,13852,13348,504,354x435,354x435,80,optimizada
assets/productos/STYLE/licra_corta_hombre_nacional/licra_corta_hombre_nacional_0.webp,17736,16956,780,354x421,354x421,80,optimizada
assets/productos/STYLE/licra_malla_push_up_suplex_top/licra_malla_push_up_suplex_top_0.webp,17288,16702,586,331x416,331x416,80,optimizada
assets/productos/STYLE/licra_sirena_bota_ancha_suplex/licra_sirena_bota_ancha_suplex_0.webp,16612,15914,698,360x431,360x431,80,optimizada
assets/productos/STYLE/licra_sirena_unicolor/licra_sirena_unicolor_0.webp,23322,22700,622,328x446,328x446,80,optimizada
assets/productos/STYLE/licra_unicolor_plus_size_xl/licra_unicolor_plus_size_xl_0.webp,17784,17418,366,315x430,315x430,80,optimizada
assets/productos/STYLE/pantaloneta_basica_hombre_con_licra_interna/pantaloneta_basica_hombre_con_licra_interna_0.webp,20404,19888,516,345x400,345x400,80,optimizada
assets/productos/STYLE/pantaloneta_basica_hombre_sin_licra_interna/pantaloneta_basica_hombre_sin_licra_interna_0.webp,14586,14154,432,344x400,344x400,80,optimizada
assets/productos/STYLE/pantaloneta_dama_antifluido_con_licra_interna/pantaloneta_dama_antifluido_con_licra_interna_0.webp,17488,16764,724,378x439,378x439,80,optimizada
assets/productos/STYLE/pantaloneta_importada_hombre_con_licra_interna/pantaloneta_importada_hombre_con_licra_interna_0.webp,20028,19328,700,444x417,444x417,80,optimizada
assets/productos/STYLE/pantaloneta_importada_hombre_sin_licra_interna/pantaloneta_importada_hombre_sin_licra_interna_0.webp,17406,16708,698,347x420,347x420,80,optimizada
assets/productos/STYLE/ropa_deportiva/camiseta_deportiva_mujer_manga_corta/camiseta_deportiva_mujer_manga_corta_1.webp,67368,64632,2736,750x1000,750x1000,76,optimizada
assets/productos/STYLE/ropa_deportiva/camiseta_deportiva_mujer_manga_corta/camiseta_deportiva_mujer_manga_corta_10.webp,26448,25340,1108,727x1000,727x1000,76,optimizada
assets/productos/STYLE/ropa_deportiva/camiseta_deportiva_mujer_manga_corta/camiseta_deportiva_mujer_manga_corta_11.webp,16156,15268,888,750x1000,750x1000,76,optimizada
assets/productos/STYLE/ropa_deportiva/camiseta_deportiva_mujer_manga_corta/camiseta_deportiva_mujer_manga_corta_12.webp,45370,43526,1844,727x1000,727x1000,76,optimizada
assets/productos/STYLE/ropa_deportiva/camiseta_deportiva_mujer_manga_corta/camiseta_deportiva_mujer_manga_corta_13.webp,25844,24134,1710,727x1000,727x1000,76,optimizada
assets/productos/STYLE/ropa_deportiva/camiseta_deportiva_mujer_manga_corta/camiseta_deportiva_mujer_manga_corta_14.webp,43554,41782,1772,727x1000,727x1000,76,optimizada
assets/productos/STYLE/ropa_deportiva/camiseta_deportiva_mujer_manga_corta/camiseta_deportiva_mujer_manga_corta_15.webp,24290,23218,1072,727x1000,727x1000,76,optimizada
assets/productos/STYLE/ropa_deportiva/camiseta_deportiva_mujer_manga_corta/camiseta_deportiva_mujer_manga_corta_2.webp,43510,41940,1570,727x1000,727x1000,76,optimizada
assets/productos/STYLE/ropa_deportiva/camiseta_deportiva_mujer_manga_corta/camiseta_deportiva_mujer_manga_corta_3.webp,25186,23948,1238,727x1000,727x1000,76,optimizada
assets/productos/STYLE/ropa_deportiva/camiseta_deportiva_mujer_manga_corta/camiseta_deportiva_mujer_manga_corta_4.webp,24860,23698,1162,727x1000,727x1000,76,optimizada
assets/productos/STYLE/ropa_deportiva/camiseta_deportiva_mujer_manga_corta/camiseta_deportiva_mujer_manga_corta_5.webp,29122,27000,2122,727x1000,727x1000,76,optimizada
assets/productos/STYLE/ropa_deportiva/camiseta_deportiva_mujer_manga_corta/camiseta_deportiva_mujer_manga_corta_6.webp,33742,31334,2408,727x1000,727x1000,76,optimizada
assets/productos/STYLE/ropa_deportiva/camiseta_deportiva_mujer_manga_corta/camiseta_deportiva_mujer_manga_corta_7.webp,56770,54728,2042,727x1000,727x1000,76,optimizada
assets/productos/STYLE/ropa_deportiva/camiseta_deportiva_mujer_manga_corta/camiseta_deportiva_mujer_manga_corta_8.webp,17554,16494,1060,750x1000,750x1000,76,optimizada
assets/productos/STYLE/ropa_deportiva/camiseta_deportiva_mujer_manga_corta/camiseta_deportiva_mujer_manga_corta_9.webp,92944,89398,3546,750x1000,750x1000,76,optimizada
assets/productos/STYLE/ropa_deportiva/chaqueta_importada_dama_sin_capucha/chaqueta_importada_dama_sin_capucha_0.webp,19672,19012,660,323x446,323x446,80,optimizada
assets/productos/STYLE/ropa_deportiva/chaqueta_manga_larga_capriati/chaqueta_manga_larga_capriati_0.webp,14104,13702,402,315x423,315x423,80,optimizada
assets/productos/STYLE/ropa_deportiva/conjunto_3_piezas/conjunto_3_piezas_0.webp,20864,20122,742,373x640,373x640,80,optimizada
assets/productos/STYLE/ropa_deportiva/conjunto_3_piezas/conjunto_3_piezas_1.webp,16816,16168,648,408x646,408x646,76,optimizada
assets/productos/STYLE/ropa_deportiva/conjunto_3_piezas/conjunto_3_piezas_2.webp,12740,12086,654,333x627,333x627,76,optimizada
assets/productos/STYLE/ropa_deportiva/conjunto_3_piezas/conjunto_3_piezas_3.webp,15050,14188,862,391x641,391x641,76,optimizada
assets/productos/STYLE/ropa_deportiva/conjunto_3_piezas/conjunto_3_piezas_4.webp,13458,12744,714,356x638,356x638,76,optimizada
assets/productos/STYLE/ropa_deportiva/conjunto_3_piezas/conjunto_3_piezas_5.webp,14012,13378,634,342x637,342x637,76,optimizada
assets/productos/STYLE/ropa_deportiva/conjunto_danny/conjunto_danny_0.webp,18488,17556,932,410x648,410x648,80,optimizada
assets/productos/STYLE/ropa_deportiva/conjunto_danny/conjunto_danny_1.webp,17170,15862,1308,427x658,427x658,76,optimizada
assets/productos/STYLE/ropa_deportiva/conjunto_danny/conjunto_danny_2.webp,21980,20998,982,463x543,463x543,76,optimizada
assets/productos/STYLE/ropa_deportiva/conjunto_danny/conjunto_danny_3.webp,21614,20560,1054,473x548,473x548,76,optimizada
assets/productos/STYLE/ropa_deportiva/conjunto_danny/conjunto_danny_4.webp,16970,15724,1246,441x665,441x665,76,optimizada
assets/productos/STYLE/ropa_deportiva/conjunto_danny/conjunto_danny_5.webp,16190,15084,1106,352x643,352x643,76,optimizada
assets/productos/STYLE/ropa_deportiva/conjunto_deportivo_falda_short_top/conjunto_deportivo_falda_short_top_1.webp,29140,26854,2286,750x1000,750x1000,76,optimizada
assets/productos/STYLE/ropa_deportiva/conjunto_deportivo_falda_short_top/conjunto_deportivo_falda_short_top_2.webp,30446,27818,2628,786x1000,786x1000,76,optimizada
assets/productos/STYLE/ropa_deportiva/conjunto_deportivo_falda_short_top/conjunto_deportivo_falda_short_top_3.webp,30396,27920,2476,750x1000,750x1000,76,optimizada
assets/productos/STYLE/ropa_deportiva/conjunto_deportivo_falda_short_top/conjunto_deportivo_falda_short_top_4.webp,37194,34206,2988,750x1000,750x1000,76,optimizada
assets/productos/STYLE/ropa_deportiva/conjunto_deportivo_falda_short_top/conjunto_deportivo_falda_short_top_5.webp,32510,30016,2494,750x1000,750x1000,76,optimizada
assets/productos/STYLE/ropa_deportiva/conjunto_deportivo_manga_larga_crop_legging/conjunto_deportivo_manga_larga_crop_legging_1.webp,36830,33270,3560,749x1000,749x1000,76,optimizada
assets/productos/STYLE/ropa_deportiva/conjunto_deportivo_manga_larga_crop_legging/conjunto_deportivo_manga_larga_crop_legging_10.webp,40434,36842,3592,749x1000,749x1000,76,optimizada
assets/productos/STYLE/ropa_deportiva/conjunto_deportivo_manga_larga_crop_legging/conjunto_deportivo_manga_larga_crop_legging_11.webp,37046,33820,3226,749x1000,749x1000,76,optimizada
assets/productos/STYLE/ropa_deportiva/conjunto_deportivo_manga_larga_crop_legging/conjunto_deportivo_manga_larga_crop_legging_12.webp,87300,83760,3540,750x1000,750x1000,76,optimizada
assets/productos/STYLE/ropa_deportiva/conjunto_deportivo_manga_larga_crop_legging/conjunto_deportivo_manga_larga_crop_legging_13.webp,45330,41308,4022,750x1000,750x1000,76,optimizada
assets/productos/STYLE/ropa_deportiva/conjunto_deportivo_manga_larga_crop_legging/conjunto_deportivo_manga_larga_crop_legging_14.webp,70404,65616,4788,750x1000,750x1000,76,optimizada
assets/productos/STYLE/ropa_deportiva/conjunto_deportivo_manga_larga_crop_legging/conjunto_deportivo_manga_larga_crop_legging_15.webp,35474,32380,3094,750x1000,750x1000,76,optimizada
assets/productos/STYLE/ropa_deportiva/conjunto_deportivo_manga_larga_crop_legging/conjunto_deportivo_manga_larga_crop_legging_16.webp,59994,55010,4984,750x1000,750x1000,76,optimizada
assets/productos/STYLE/ropa_deportiva/conjunto_deportivo_manga_larga_crop_legging/conjunto_deportivo_manga_larga_crop_legging_2.webp,40960,38804,2156,562x1000,562x1000,76,optimizada
assets/productos/STYLE/ropa_deportiva/conjunto_deportivo_manga_larga_crop_legging/conjunto_deportivo_manga_larga_crop_legging_3.webp,16376,14604,1772,521x1000,521x1000,76,optimizada
assets/productos/STYLE/ropa_deportiva/conjunto_deportivo_manga_larga_crop_legging/conjunto_deportivo_manga_larga_crop_legging_4.webp,47640,44284,3356,750x1000,750x1000,76,optimizada
assets/productos/STYLE/ropa_deportiva/conjunto_deportivo_manga_larga_crop_legging/conjunto_deportivo_manga_larga_crop_legging_5.webp,36848,33710,3138,730x1000,730x1000,76,optimizada
assets/productos/STYLE/ropa_deportiva/conjunto_deportivo_manga_larga_crop_legging/conjunto_deportivo_manga_larga_crop_legging_6.webp,34794,31704,3090,730x1000,730x1000,76,optimizada
assets/productos/STYLE/ropa_deportiva/conjunto_deportivo_manga_larga_crop_legging/conjunto_deportivo_manga_larga_crop_legging_7.webp,46464,42568,3896,750x1000,750x1000,76,optimizada
assets/productos/STYLE/ropa_deportiva/conjunto_deportivo_manga_larga_crop_legging/conjunto_deportivo_manga_larga_crop_legging_8.webp,46028,41614,4414,749x1000,749x1000,76,optimizada
assets/productos/STYLE/ropa_deportiva/conjunto_deportivo_manga_larga_crop_legging/conjunto_deportivo_manga_larga_crop_legging_9.webp,110624,27226,83398,787x1400,562x1000,76,optimizada
assets/productos/STYLE/ropa_deportiva/conjunto_deportivo_mujer_pantalon_top/conjunto_deportivo_mujer_pantalon_top_1.webp,339566,176006,163560,780x1040,750x1000,76,optimizada
assets/productos/STYLE/ropa_deportiva/conjunto_deportivo_mujer_pantalon_top/conjunto_deportivo_mujer_pantalon_top_2.webp,284962,60942,224020,1050x1400,750x1000,76,optimizada
assets/productos/STYLE/ropa_deportiva/conjunto_deportivo_mujer_pantalon_top/conjunto_deportivo_mujer_pantalon_top_3.webp,251506,60572,190934,1050x1400,750x1000,76,optimizada
assets/productos/STYLE/ropa_deportiva/conjunto_deportivo_mujer_pantalon_top/conjunto_deportivo_mujer_pantalon_top_4.webp,666532,197498,469034,1050x1400,750x1000,76,optimizada
assets/productos/STYLE/ropa_deportiva/conjunto_deportivo_mujer_top_legging_chaqueta/conjunto_deportivo_mujer_top_legging_chaqueta_1.webp,242806,49008,193798,1280x1280,800x800,76,optimizada
assets/productos/STYLE/ropa_deportiva/conjunto_deportivo_mujer_top_legging_chaqueta/conjunto_deportivo_mujer_top_legging_chaqueta_10.webp,246240,49404,196836,1280x1280,800x800,76,optimizada
assets/productos/STYLE/ropa_deportiva/conjunto_deportivo_mujer_top_legging_chaqueta/conjunto_deportivo_mujer_top_legging_chaqueta_11.webp,250260,50050,200210,1280x1280,800x800,76,optimizada
assets/productos/STYLE/ropa_deportiva/conjunto_deportivo_mujer_top_legging_chaqueta/conjunto_deportivo_mujer_top_legging_chaqueta_12.webp,239166,48280,190886,1280x1280,800x800,76,optimizada
assets/productos/STYLE/ropa_deportiva/conjunto_deportivo_mujer_top_legging_chaqueta/conjunto_deportivo_mujer_top_legging_chaqueta_13.webp,243106,51024,192082,1280x1280,800x800,76,optimizada
assets/productos/STYLE/ropa_deportiva/conjunto_deportivo_mujer_top_legging_chaqueta/conjunto_deportivo_mujer_top_legging_chaqueta_14.webp,260282,54576,205706,1280x1280,800x800,76,optimizada
assets/productos/STYLE/ropa_deportiva/conjunto_deportivo_mujer_top_legging_chaqueta/conjunto_deportivo_mujer_top_legging_chaqueta_15.webp,275926,58002,217924,1280x1280,800x800,76,optimizada
assets/productos/STYLE/ropa_deportiva/conjunto_deportivo_mujer_top_legging_chaqueta/conjunto_deportivo_mujer_top_legging_chaqueta_16.webp,271964,57358,214606,1280x1280,800x800,76,optimizada
assets/productos/STYLE/ropa_deportiva/conjunto_deportivo_mujer_top_legging_chaqueta/conjunto_deportivo_mujer_top_legging_chaqueta_17.webp,251890,53456,198434,1280x1280,800x800,76,optimizada
assets/productos/STYLE/ropa_deportiva/conjunto_deportivo_mujer_top_legging_chaqueta/conjunto_deportivo_mujer_top_legging_chaqueta_2.webp,260438,54806,205632,1280x1280,800x800,76,optimizada
assets/productos/STYLE/ropa_deportiva/conjunto_deportivo_mujer_top_legging_chaqueta/conjunto_deportivo_mujer_top_legging_chaqueta_3.webp,259534,55142,204392,1280x1280,800x800,76,optimizada
assets/productos/STYLE/ropa_deportiva/conjunto_deportivo_mujer_top_legging_chaqueta/conjunto_deportivo_mujer_top_legging_chaqueta_4.webp,226044,49194,176850,1280x1280,800x800,76,optimizada
assets/productos/STYLE/ropa_deportiva/conjunto_deportivo_mujer_top_legging_chaqueta/conjunto_deportivo_mujer_top_legging_chaqueta_5.webp,242730,51966,190764,1280x1280,800x800,76,optimizada
assets/productos/STYLE/ropa_deportiva/conjunto_deportivo_mujer_top_legging_chaqueta/conjunto_deportivo_mujer_top_legging_chaqueta_6.webp,223280,48656,174624,1280x1280,800x800,76,optimizada
assets/productos/STYLE/ropa_deportiva/conjunto_deportivo_mujer_top_legging_chaqueta/conjunto_deportivo_mujer_top_legging_chaqueta_7.webp,232850,51966,180884,1280x1280,800x800,76,optimizada
assets/productos/STYLE/ropa_deportiva/conjunto_deportivo_mujer_top_legging_chaqueta/conjunto_deportivo_mujer_top_legging_chaqueta_8.webp,225036,50252,174784,1280x1280,800x800,76,optimizada
assets/productos/STYLE/ropa_deportiva/conjunto_deportivo_mujer_top_legging_chaqueta/conjunto_deportivo_mujer_top_legging_chaqueta_9.webp,242298,53064,189234,1280x1280,800x800,76,optimizada
assets/productos/STYLE/ropa_deportiva/conjunto_deportivo_short_top_con_contraste/conjunto_deportivo_short_top_con_contraste_1.webp,242730,51966,190764,1280x1280,800x800,76,optimizada
assets/productos/STYLE/ropa_deportiva/conjunto_deportivo_short_top_con_contraste/conjunto_deportivo_short_top_con_contraste_2.webp,223280,48656,174624,1280x1280,800x800,76,optimizada
assets/productos/STYLE/ropa_deportiva/conjunto_deportivo_short_top_con_contraste/conjunto_deportivo_short_top_con_contraste_3.webp,232850,51966,180884,1280x1280,800x800,76,optimizada
assets/productos/STYLE/ropa_deportiva/conjunto_deportivo_short_top_con_contraste/conjunto_deportivo_short_top_con_contraste_4.webp,225036,50252,174784,1280x1280,800x800,76,optimizada
assets/productos/STYLE/ropa_deportiva/conjunto_deportivo_short_top_con_contraste/conjunto_deportivo_short_top_con_contraste_5.webp,242298,53064,189234,1280x1280,800x800,76,optimizada
assets/productos/STYLE/ropa_deportiva/conjunto_deportivo_top_legging/conjunto_deportivo_top_legging_1.webp,154704,42254,112450,960x1280,750x1000,76,optimizada
assets/productos/STYLE/ropa_deportiva/conjunto_deportivo_top_legging/conjunto_deportivo_top_legging_2.webp,120584,46602,73982,780x1040,750x1000,76,optimizada
assets/productos/STYLE/ropa_deportiva/conjunto_deportivo_top_legging/conjunto_deportivo_top_legging_3.webp,98574,41066,57508,780x1040,750x1000,76,optimizada
assets/productos/STYLE/ropa_deportiva/conjunto_deportivo_top_legging/conjunto_deportivo_top_legging_4.webp,203164,58318,144846,960x1280,750x1000,76,optimizada
assets/productos/STYLE/ropa_deportiva/conjunto_deportivo_top_legging/conjunto_deportivo_top_legging_5.webp,191214,54036,137178,960x1280,750x1000,76,optimizada
assets/productos/STYLE/ropa_deportiva/conjunto_deportivo_top_legging/conjunto_deportivo_top_legging_6.webp,192564,44016,148548,1050x1400,750x1000,76,optimizada
assets/productos/STYLE/ropa_deportiva/conjunto_natzuki/conjunto_natzuki_0.webp,416665,39900,376765,510x561,510x561,80,optimizada
assets/productos/STYLE/ropa_deportiva/conjunto_natzuki/conjunto_natzuki_1.webp,437325,37664,399661,457x590,457x590,76,optimizada
assets/productos/STYLE/ropa_deportiva/conjunto_natzuki/conjunto_natzuki_2.webp,368368,19110,349258,490x516,490x516,76,optimizada
assets/productos/STYLE/ropa_deportiva/conjunto_yoga/conjunto_yoga_0.webp,359097,29956,329141,457x603,457x603,80,optimizada
assets/productos/STYLE/ropa_deportiva/conjunto_yoga/conjunto_yoga_1.webp,213725,10972,202753,523x550,523x550,76,optimizada
assets/productos/STYLE/ropa_deportiva/conjunto_yoga/conjunto_yoga_2.webp,257972,14964,243008,452x572,452x572,76,optimizada
assets/productos/STYLE/ropa_deportiva/conjunto_yoga/conjunto_yoga_3.webp,287948,13502,274446,538x528,538x528,76,optimizada
assets/productos/STYLE/ropa_deportiva/conjunto_yoga/conjunto_yoga_4.webp,468478,40202,428276,467x591,467x591,76,optimizada
assets/productos/STYLE/ropa_deportiva/conjunto_yoga/conjunto_yoga_5.webp,183578,9360,174218,465x492,465x492,76,optimizada
assets/productos/STYLE/ropa_deportiva/conjunto_yoga/conjunto_yoga_6.webp,332672,18954,313718,537x601,537x601,76,optimizada
assets/productos/STYLE/ropa_deportiva/conjunto_yoga/conjunto_yoga_7.webp,272341,13044,259297,517x595,517x595,76,optimizada
assets/productos/STYLE/ropa_deportiva/conjunto_yoga/conjunto_yoga_8.webp,363243,25454,337789,445x610,445x610,76,optimizada
assets/productos/STYLE/ropa_deportiva/conjunto_yoga/conjunto_yoga_9.webp,278048,18838,259210,395x597,395x597,76,optimizada
assets/productos/STYLE/ropa_deportiva/enterizo_short_deportivo_seamless/enterizo_short_deportivo_seamless_1.webp,109678,25518,84160,787x1400,562x1000,76,optimizada
assets/productos/STYLE/ropa_deportiva/enterizo_short_deportivo_seamless/enterizo_short_deportivo_seamless_10.webp,108034,25794,82240,729x1400,521x1000,76,optimizada
assets/productos/STYLE/ropa_deportiva/enterizo_short_deportivo_seamless/enterizo_short_deportivo_seamless_2.webp,100244,24154,76090,767x1400,548x1000,76,optimizada
assets/productos/STYLE/ropa_deportiva/enterizo_short_deportivo_seamless/enterizo_short_deportivo_seamless_3.webp,104596,23976,80620,766x1400,547x1000,76,optimizada
assets/productos/STYLE/ropa_deportiva/enterizo_short_deportivo_seamless/enterizo_short_deportivo_seamless_4.webp,108334,25410,82924,859x1400,614x1000,76,optimizada
assets/productos/STYLE/ropa_deportiva/enterizo_short_deportivo_seamless/enterizo_short_deportivo_seamless_5.webp,110692,25470,85222,858x1400,613x1000,76,optimizada
assets/productos/STYLE/ropa_deportiva/enterizo_short_deportivo_seamless/enterizo_short_deportivo_seamless_6.webp,116248,28474,87774,944x1400,674x1000,76,optimizada
assets/productos/STYLE/ropa_deportiva/enterizo_short_deportivo_seamless/enterizo_short_deportivo_seamless_7.webp,98504,22236,76268,794x1400,567x1000,76,optimizada
assets/productos/STYLE/ropa_deportiva/enterizo_short_deportivo_seamless/enterizo_short_deportivo_seamless_8.webp,120558,27620,92938,773x1400,552x1000,76,optimizada
assets/productos/STYLE/ropa_deportiva/enterizo_short_deportivo_seamless/enterizo_short_deportivo_seamless_9.webp,111658,25932,85726,757x1400,541x1000,76,optimizada
assets/productos/STYLE/ropa_deportiva/falda_prenses_top_unicolor/falda_prenses_top_unicolor_0.webp,342744,20026,322718,460x566,460x566,80,optimizada
assets/productos/STYLE/ropa_deportiva/falda_prenses_top_unicolor/falda_prenses_top_unicolor_1.webp,367198,19206,347992,513x482,513x482,76,optimizada
assets/productos/STYLE/ropa_deportiva/falda_suplex_top_cuello/falda_suplex_top_cuello_0.webp,257401,15178,242223,393x566,393x566,80,optimizada
assets/productos/STYLE/ropa_deportiva/falda_suplex_top_cuello/falda_suplex_top_cuello_1.webp,332053,13434,318619,437x567,437x567,76,optimizada
assets/productos/STYLE/ropa_deportiva/falda_suplex_top_cuello/falda_suplex_top_cuello_2.webp,177770,8876,168894,442x652,442x652,76,optimizada
assets/productos/STYLE/ropa_deportiva/falda_unicolor_top/falda_unicolor_top_0.webp,291922,16858,275064,425x548,425x548,80,optimizada
assets/productos/STYLE/ropa_deportiva/falda_unicolor_top/falda_unicolor_top_1.webp,249825,10854,238971,412x558,412x558,76,optimizada
assets/productos/STYLE/ropa_deportiva/falda_unicolor_top/falda_unicolor_top_2.webp,237586,10874,226712,431x577,431x577,76,optimizada
assets/productos/STYLE/ropa_deportiva/falda_unicolor_top/falda_unicolor_top_3.webp,405642,20934,384708,497x616,497x616,76,optimizada
assets/productos/STYLE/ropa_deportiva/falda_unicolor_top/falda_unicolor_top_4.webp,336490,21524,314966,451x517,451x517,76,optimizada
assets/productos/STYLE/ropa_deportiva/falda_unicolor_top/falda_unicolor_top_5.webp,348333,26076,322257,420x605,420x605,76,optimizada
assets/productos/STYLE/ropa_deportiva/falda_unicolor_top/falda_unicolor_top_6.webp,388170,24954,363216,467x587,467x587,76,optimizada
assets/productos/STYLE/ropa_deportiva/falda_unicolor_top/falda_unicolor_top_7.webp,265656,15030,250626,407x620,407x620,76,optimizada
assets/productos/STYLE/ropa_deportiva/licra_bota_ancha_suplex_cierre/licra_bota_ancha_suplex_cierre_0.webp,520504,57762,462742,495x631,495x631,80,optimizada
assets/productos/STYLE/ropa_deportiva/licra_bota_ancha_suplex_cierre/licra_bota_ancha_suplex_cierre_1.webp,548983,54384,494599,493x641,493x641,76,optimizada
assets/productos/STYLE/ropa_deportiva/licra_bota_ancha_suplex_cierre/licra_bota_ancha_suplex_cierre_2.webp,504189,51054,453135,472x591,472x591,76,optimizada
assets/productos/STYLE/ropa_deportiva/licra_bota_ancha_suplex_cierre/licra_bota_ancha_suplex_cierre_3.webp,599371,64992,534379,495x623,495x623,76,optimizada
assets/productos/STYLE/ropa_deportiva/licra_bota_ancha_suplex_cierre/licra_bota_ancha_suplex_cierre_4.webp,576573,57518,519055,511x612,511x612,76,optimizada
assets/productos/STYLE/ropa_deportiva/licra_bota_ancha_suplex_top/licra_bota_ancha_suplex_top_0.webp,357980,26642,331338,432x585,432x585,80,optimizada
assets/productos/STYLE/ropa_deportiva/licra_bota_ancha_suplex_top/licra_bota_ancha_suplex_top_1.webp,353176,25150,328026,421x600,421x600,76,optimizada
assets/productos/STYLE/ropa_deportiva/licra_bota_ancha_suplex_top/licra_bota_ancha_suplex_top_2.webp,242077,12338,229739,401x577,401x577,76,optimizada
assets/productos/STYLE/ropa_deportiva/licra_bota_ancha_suplex_top/licra_bota_ancha_suplex_top_3.webp,252391,20462,231929,303x497,303x497,76,optimizada
assets/productos/STYLE/ropa_deportiva/licra_bota_ancha_suplex_top/licra_bota_ancha_suplex_top_4.webp,263213,17570,245643,395x542,395x542,76,optimizada
assets/productos/STYLE/ropa_deportiva/licra_bota_ancha_suplex_top/licra_bota_ancha_suplex_top_5.webp,342586,23014,319572,460x572,460x572,76,optimizada
assets/productos/STYLE/ropa_deportiva/licra_bota_ancha_unicolor_con_vivo_top/licra_bota_ancha_unicolor_con_vivo_top_0.webp,387598,26316,361282,445x685,445x685,80,optimizada
assets/productos/STYLE/ropa_deportiva/licra_bota_ancha_unicolor_con_vivo_top/licra_bota_ancha_unicolor_con_vivo_top_1.webp,363969,18066,345903,412x616,412x616,76,optimizada
assets/productos/STYLE/ropa_deportiva/licra_sirena_bota_ancha_suplex/licra_sirena_bota_ancha_suplex_0.webp,421648,40766,380882,432x637,432x637,80,optimizada
assets/productos/STYLE/ropa_deportiva/licra_sirena_bota_ancha_suplex/licra_sirena_bota_ancha_suplex_1.webp,441976,36790,405186,437x662,437x662,76,optimizada
assets/productos/STYLE/ropa_deportiva/licra_sirena_bota_ancha_suplex/licra_sirena_bota_ancha_suplex_2.webp,288895,29984,258911,328x553,328x553,76,optimizada
assets/productos/STYLE/ropa_deportiva/licra_sirena_bota_ancha_suplex/licra_sirena_bota_ancha_suplex_3.webp,369698,35562,334136,348x577,348x577,76,optimizada
assets/productos/STYLE/ropa_deportiva/licra_sirena_bota_ancha_suplex/licra_sirena_bota_ancha_suplex_4.webp,340971,19960,321011,432x617,432x617,76,optimizada
assets/productos/STYLE/ropa_deportiva/licra_sirena_bota_ancha_suplex/licra_sirena_bota_ancha_suplex_5.webp,335079,25098,309981,361x578,361x578,76,optimizada
assets/productos/STYLE/ropa_deportiva/licra_sirena_unicolor/licra_sirena_unicolor_0.webp,233691,13094,220597,392x578,392x578,80,optimizada
assets/productos/STYLE/ropa_deportiva/licra_sirena_unicolor/licra_sirena_unicolor_1.webp,183406,9212,174194,307x587,307x587,76,optimizada
assets/productos/STYLE/ropa_deportiva/licra_sirena_unicolor/licra_sirena_unicolor_2.webp,360620,25136,335484,377x593,377x593,76,optimizada
assets/productos/STYLE/ropa_deportiva/licra_sirena_unicolor/licra_sirena_unicolor_3.webp,394726,28986,365740,408x597,408x597,76,optimizada
assets/productos/STYLE/ropa_deportiva/licra_sirena_unicolor/licra_sirena_unicolor_4.webp,318619,20278,298341,382x602,382x602,76,optimizada
assets/productos/STYLE/ropa_deportiva/licra_sirena_unicolor/licra_sirena_unicolor_5.webp,284336,17054,267282,395x580,395x580,76,optimizada
assets/productos/STYLE/ropa_deportiva/licra_sirena_unicolor/licra_sirena_unicolor_6.webp,297740,18948,278792,355x602,355x602,76,optimizada
assets/productos/STYLE/ropa_deportiva/pantalon_deportivo_bota_ancha/pantalon_deportivo_bota_ancha_1.webp,334792,79810,254982,1050x1400,750x1000,76,optimizada
assets/productos/STYLE/ropa_deportiva/pantalon_deportivo_bota_ancha/pantalon_deportivo_bota_ancha_2.webp,300686,67704,232982,1050x1400,750x1000,76,optimizada
assets/productos/STYLE/ropa_deportiva/pantalon_deportivo_bota_ancha/pantalon_deportivo_bota_ancha_3.webp,130722,32598,98124,968x1280,756x1000,76,optimizada
assets/productos/STYLE/ropa_deportiva/pantalon_deportivo_bota_ancha/pantalon_deportivo_bota_ancha_4.webp,124462,32210,92252,974x1280,761x1000,76,optimizada
assets/productos/STYLE/ropa_deportiva/pantaloneta_dama_antifluido_con_licra_interna/pantaloneta_dama_antifluido_con_licra_interna_0.webp,485157,37358,447799,530x621,530x621,80,optimizada
assets/productos/STYLE/ropa_deportiva/pantaloneta_dama_antifluido_con_licra_interna/pantaloneta_dama_antifluido_con_licra_interna_1.webp,512613,42800,469813,525x602,525x602,76,optimizada
assets/productos/STYLE/ropa_deportiva/pantaloneta_dama_antifluido_con_licra_interna/pantaloneta_dama_antifluido_con_licra_interna_2.webp,281759,16942,264817,450x615,450x615,76,optimizada
assets/productos/STYLE/ropa_deportiva/pantaloneta_dama_antifluido_con_licra_interna/pantaloneta_dama_antifluido_con_licra_interna_3.webp,276573,14806,261767,482x637,482x637,76,optimizada
assets/productos/STYLE/ropa_deportiva/pantaloneta_dama_antifluido_con_licra_interna/pantaloneta_dama_antifluido_con_licra_interna_4.webp,361119,23010,338109,465x547,465x547,76,optimizada
assets/productos/STYLE/ropa_deportiva/pantaloneta_dama_antifluido_con_licra_interna/pantaloneta_dama_antifluido_con_licra_interna_5.webp,418946,28286,390660,457x591,457x591,76,optimizada
assets/productos/STYLE/ropa_deportiva/pantaloneta_dama_antifluido_con_licra_interna/pantaloneta_dama_antifluido_con_licra_interna_6.webp,451501,42536,408965,452x558,452x558,76,optimizada
assets/productos/STYLE/ropa_deportiva/pantaloneta_dama_antifluido_con_licra_interna/pantaloneta_dama_antifluido_con_licra_interna_7.webp,367307,20554,346753,467x602,467x602,76,optimizada
assets/productos/STYLE/ropa_deportiva/pantaloneta_dama_antifluido_con_licra_interna/pantaloneta_dama_antifluido_con_licra_interna_8.webp,332917,19382,313535,442x532,442x532,76,optimizada
assets/productos/STYLE/ropa_deportiva/short_deportivo_con_cordon/short_deportivo_con_cordon_1.webp,306486,78076,228410,1050x1400,750x1000,76,optimizada
assets/productos/STYLE/ropa_deportiva/short_deportivo_con_cordon/short_deportivo_con_cordon_10.webp,229464,52894,176570,933x1400,666x1000,76,optimizada
assets/productos/STYLE/ropa_deportiva/short_deportivo_con_cordon/short_deportivo_con_cordon_2.webp,225490,53124,172366,933x1400,666x1000,76,optimizada
assets/productos/STYLE/ropa_deportiva/short_deportivo_con_cordon/short_deportivo_con_cordon_3.webp,348514,89036,259478,1050x1400,750x1000,76,optimizada
assets/productos/STYLE/ropa_deportiva/short_deportivo_con_cordon/short_deportivo_con_cordon_4.webp,213838,49508,164330,933x1400,666x1000,76,optimizada
assets/productos/STYLE/ropa_deportiva/short_deportivo_con_cordon/short_deportivo_con_cordon_5.webp,254208,61214,192994,933x1400,666x1000,76,optimizada
assets/productos/STYLE/ropa_deportiva/short_deportivo_con_cordon/short_deportivo_con_cordon_6.webp,218888,51766,167122,933x1400,666x1000,76,optimizada
assets/productos/STYLE/ropa_deportiva/short_deportivo_con_cordon/short_deportivo_con_cordon_7.webp,220214,51182,169032,933x1400,666x1000,76,optimizada
assets/productos/STYLE/ropa_deportiva/short_deportivo_con_cordon/short_deportivo_con_cordon_8.webp,232116,56098,176018,933x1400,666x1000,76,optimizada
assets/productos/STYLE/ropa_deportiva/short_deportivo_con_cordon/short_deportivo_con_cordon_9.webp,208352,51110,157242,933x1400,666x1000,76,optimizada
assets/productos/STYLE/ropa_deportiva/short_malla_push_up_suplex_top/short_malla_push_up_suplex_top_0.webp,289497,17764,271733,493x542,493x542,80,optimizada
assets/productos/STYLE/ropa_deportiva/short_malla_push_up_suplex_top/short_malla_push_up_suplex_top_1.webp,233063,12934,220129,452x550,452x550,76,optimizada
assets/productos/STYLE/ropa_deportiva/short_malla_push_up_suplex_top/short_malla_push_up_suplex_top_2.webp,241553,13162,228391,462x608,462x608,76,optimizada
assets/productos/STYLE/ropa_deportiva/short_malla_push_up_suplex_top/short_malla_push_up_suplex_top_3.webp,223625,10824,212801,501x587,501x587,76,optimizada
assets/productos/STYLE/ropa_deportiva/short_malla_push_up_suplex_top/short_malla_push_up_suplex_top_4.webp,439925,23638,416287,518x582,518x582,76,optimizada
assets/productos/STYLE/ropa_deportiva/short_malla_push_up_suplex_top/short_malla_push_up_suplex_top_5.webp,381092,19820,361272,492x542,492x542,76,optimizada
assets/productos/STYLE/ropa_deportiva/short_malla_push_up_suplex_top/short_malla_push_up_suplex_top_6.webp,394799,24236,370563,477x561,477x561,76,optimizada
assets/productos/STYLE/ropa_deportiva/short_malla_push_up_suplex_top/short_malla_push_up_suplex_top_7.webp,254182,10992,243190,490x593,490x593,76,optimizada
assets/productos/STYLE/ropa_deportiva/short_malla_push_up_suplex_top/short_malla_push_up_suplex_top_8.webp,261535,11848,249687,470x590,470x590,76,optimizada
assets/productos/STYLE/ropa_deportiva/short_nylon_unicolor_top/short_nylon_unicolor_top_0.webp,311259,20216,291043,480x532,480x532,80,optimizada
assets/productos/STYLE/ropa_deportiva/short_nylon_unicolor_top/short_nylon_unicolor_top_1.webp,320990,17112,303878,452x565,452x565,76,optimizada
assets/productos/STYLE/ropa_deportiva/short_nylon_unicolor_top/short_nylon_unicolor_top_2.webp,384917,24576,360341,502x557,502x557,76,optimizada
assets/productos/STYLE/ropa_deportiva/short_nylon_unicolor_top/short_nylon_unicolor_top_3.webp,402198,28988,373210,467x516,467x516,76,optimizada
assets/productos/STYLE/ropa_deportiva/short_nylon_unicolor_top/short_nylon_unicolor_top_4.webp,465971,38870,427101,472x546,472x546,76,optimizada
assets/productos/STYLE/ropa_deportiva/sudadera_bota_recta_burda_chaqueta/sudadera_bota_recta_burda_chaqueta_0.webp,26368,13562,12806,361x397,361x397,80,optimizada
assets/productos/STYLE/ropa_deportiva/top_deportivo_espalda_multiple/top_deportivo_espalda_multiple_1.webp,314606,93226,221380,1050x1400,750x1000,76,optimizada
assets/productos/STYLE/ropa_deportiva/top_deportivo_espalda_multiple/top_deportivo_espalda_multiple_2.webp,466826,135838,330988,1050x1400,750x1000,76,optimizada
assets/productos/STYLE/ropa_deportiva/top_deportivo_espalda_multiple/top_deportivo_espalda_multiple_3.webp,263230,69884,193346,787x1400,562x1000,76,optimizada
assets/productos/STYLE/ropa_deportiva/top_deportivo_nike_pro_cruzado/top_deportivo_nike_pro_cruzado_1.webp,352162,98550,253612,1050x1400,750x1000,76,optimizada
assets/productos/STYLE/ropa_deportiva/top_deportivo_nike_pro_cruzado/top_deportivo_nike_pro_cruzado_2.webp,415516,104884,310632,1050x1400,750x1000,76,optimizada
assets/productos/STYLE/ropa_deportiva/top_deportivo_nike_pro_cruzado/top_deportivo_nike_pro_cruzado_3.webp,461752,98132,363620,1237x1400,800x905,76,optimizada
assets/productos/STYLE/ropa_deportiva/top_deportivo_nike_pro_cruzado/top_deportivo_nike_pro_cruzado_4.webp,393786,75386,318400,1400x1062,800x607,76,optimizada
assets/productos/STYLE/ropa_deportiva/top_deportivo_nike_pro_cruzado/top_deportivo_nike_pro_cruzado_5.webp,385430,96188,289242,1157x1400,800x968,76,optimizada
assets/productos/STYLE/ropa_deportiva/top_deportivo_tipo_terrex/top_deportivo_tipo_terrex_1.webp,348610,99454,249156,1050x1400,750x1000,76,optimizada
assets/productos/STYLE/ropa_deportiva_hombre/calentador_hombre_unicolor_nacional/calentador_hombre_unicolor_nacional_0.webp,417317,28116,389201,480x616,480x616,80,optimizada
assets/productos/STYLE/ropa_deportiva_hombre/calentador_hombre_unicolor_nacional/calentador_hombre_unicolor_nacional_1.webp,378765,24182,354583,445x598,445x598,76,optimizada
assets/productos/STYLE/ropa_deportiva_hombre/calentador_hombre_unicolor_nacional/calentador_hombre_unicolor_nacional_2.webp,372978,23266,349712,435x597,435x597,76,optimizada
assets/productos/STYLE/ropa_deportiva_hombre/calentador_hombre_unicolor_nacional/calentador_hombre_unicolor_nacional_3.webp,397760,23974,373786,472x601,472x601,76,optimizada
assets/productos/STYLE/ropa_deportiva_hombre/calentador_hombre_unicolor_nacional/calentador_hombre_unicolor_nacional_4.webp,385310,24538,360772,467x597,467x597,76,optimizada
assets/productos/STYLE/ropa_deportiva_hombre/calentador_hombre_unicolor_nacional/calentador_hombre_unicolor_nacional_5.webp,376002,24088,351914,452x595,452x595,76,optimizada
assets/productos/STYLE/ropa_deportiva_hombre/camiseta_deportiva_sin_mangas_hombre/camiseta_deportiva_sin_mangas_hombre_1.webp,126996,28846,98150,1050x1400,750x1000,76,optimizada
assets/productos/STYLE/ropa_deportiva_hombre/camiseta_deportiva_sin_mangas_hombre/camiseta_deportiva_sin_mangas_hombre_2.webp,119266,26316,92950,1050x1400,750x1000,76,optimizada
assets/productos/STYLE/ropa_deportiva_hombre/camiseta_deportiva_sin_mangas_hombre/camiseta_deportiva_sin_mangas_hombre_3.webp,283540,73658,209882,1050x1400,750x1000,76,optimizada
assets/productos/STYLE/ropa_deportiva_hombre/camiseta_deportiva_sin_mangas_hombre/camiseta_deportiva_sin_mangas_hombre_4.webp,125590,27796,97794,1050x1400,750x1000,76,optimizada
assets/productos/STYLE/ropa_deportiva_hombre/camiseta_deportiva_sin_mangas_hombre/camiseta_deportiva_sin_mangas_hombre_5.webp,277990,61888,216102,1050x1400,750x1000,76,optimizada
assets/productos/STYLE/ropa_deportiva_hombre/camiseta_deportiva_sin_mangas_hombre/camiseta_deportiva_sin_mangas_hombre_6.webp,140636,32952,107684,1050x1400,750x1000,76,optimizada
assets/productos/STYLE/ropa_deportiva_hombre/camiseta_deportiva_sin_mangas_hombre/camiseta_deportiva_sin_mangas_hombre_7.webp,129060,30018,99042,1050x1400,750x1000,76,optimizada
assets/productos/STYLE/ropa_deportiva_hombre/camiseta_hombre_esqueleto_nacional/camiseta_hombre_esqueleto_nacional_0.webp,283823,15708,268115,472x632,472x632,80,optimizada
assets/productos/STYLE/ropa_deportiva_hombre/camiseta_hombre_esqueleto_nacional/camiseta_hombre_esqueleto_nacional_1.webp,450631,21746,428885,535x665,535x665,76,optimizada
assets/productos/STYLE/ropa_deportiva_hombre/camiseta_hombre_esqueleto_nacional/camiseta_hombre_esqueleto_nacional_2.webp,300809,13960,286849,467x627,467x627,76,optimizada
assets/productos/STYLE/ropa_deportiva_hombre/camiseta_hombre_esqueleto_nacional/camiseta_hombre_esqueleto_nacional_3.webp,256463,11868,244595,483x627,483x627,76,optimizada
assets/productos/STYLE/ropa_deportiva_hombre/camiseta_hombre_esqueleto_nacional/camiseta_hombre_esqueleto_nacional_4.webp,344688,15376,329312,482x642,482x642,76,optimizada
assets/productos/STYLE/ropa_deportiva_hombre/camiseta_hombre_unicolor_nacional/camiseta_hombre_unicolor_nacional_0.webp,381722,21304,360418,497x631,497x631,80,optimizada
assets/productos/STYLE/ropa_deportiva_hombre/camiseta_hombre_unicolor_nacional/camiseta_hombre_unicolor_nacional_1.webp,477594,29424,448170,512x657,512x657,76,optimizada
assets/productos/STYLE/ropa_deportiva_hombre/camiseta_hombre_unicolor_nacional/camiseta_hombre_unicolor_nacional_2.webp,387191,23414,363777,468x656,468x656,76,optimizada
assets/productos/STYLE/ropa_deportiva_hombre/camiseta_hombre_unicolor_nacional/camiseta_hombre_unicolor_nacional_3.webp,398795,27404,371391,482x606,482x606,76,optimizada
assets/productos/STYLE/ropa_deportiva_hombre/camiseta_hombre_unicolor_nacional/camiseta_hombre_unicolor_nacional_4.webp,321646,19328,302318,397x635,397x635,76,optimizada
assets/productos/STYLE/ropa_deportiva_hombre/camiseta_hombre_unicolor_nacional/camiseta_hombre_unicolor_nacional_5.webp,421654,20994,400660,540x636,540x636,76,optimizada
assets/productos/STYLE/ropa_deportiva_hombre/camiseta_importada_hombre/camiseta_importada_hombre_0.webp,388973,21962,367011,846x618,846x618,80,optimizada
assets/productos/STYLE/ropa_deportiva_hombre/camiseta_importada_hombre/camiseta_importada_hombre_1.webp,350490,17822,332668,807x640,800x634,76,optimizada
assets/productos/STYLE/ropa_deportiva_hombre/camiseta_importada_hombre/camiseta_importada_hombre_2.webp,259230,12996,246234,841x611,800x581,76,optimizada
assets/productos/STYLE/ropa_deportiva_hombre/camiseta_importada_hombre/camiseta_importada_hombre_3.webp,317647,15480,302167,827x626,800x606,76,optimizada
assets/productos/STYLE/ropa_deportiva_hombre/camiseta_importada_hombre/camiseta_importada_hombre_4.webp,269233,12218,257015,866x622,800x575,76,optimizada
assets/productos/STYLE/ropa_deportiva_hombre/camiseta_oversize_hombre/camiseta_oversize_hombre_0.webp,517574,32000,485574,507x756,507x756,80,optimizada
assets/productos/STYLE/ropa_deportiva_hombre/camiseta_oversize_hombre/camiseta_oversize_hombre_1.webp,329180,20306,308874,451x546,451x546,76,optimizada
assets/productos/STYLE/ropa_deportiva_hombre/camiseta_oversize_hombre/camiseta_oversize_hombre_2.webp,283813,14526,269287,442x583,442x583,76,optimizada
assets/productos/STYLE/ropa_deportiva_hombre/camiseta_oversize_hombre/camiseta_oversize_hombre_3.webp,297572,17266,280306,422x561,422x561,76,optimizada
assets/productos/STYLE/ropa_deportiva_hombre/camiseta_oversize_hombre/camiseta_oversize_hombre_4.webp,319615,18448,301167,428x548,428x548,76,optimizada
assets/productos/STYLE/ropa_deportiva_hombre/camiseta_oversize_hombre/camiseta_oversize_hombre_5.webp,336059,19702,316357,447x597,447x597,76,optimizada
assets/productos/STYLE/ropa_deportiva_hombre/camiseta_oversize_hombre/camiseta_oversize_hombre_6.webp,421041,25096,395945,460x632,460x632,76,optimizada
assets/productos/STYLE/ropa_deportiva_hombre/camiseta_oversize_hombre/camiseta_oversize_hombre_7.webp,391730,29142,362588,457x562,457x562,76,optimizada
assets/productos/STYLE/ropa_deportiva_hombre/chaqueta_hombre_antifluido_con_capucha/chaqueta_hombre_antifluido_con_capucha_0.webp,360329,22036,338293,531x617,531x617,80,optimizada
assets/productos/STYLE/ropa_deportiva_hombre/chaqueta_hombre_antifluido_con_capucha/chaqueta_hombre_antifluido_con_capucha_2.webp,390841,23176,367665,541x592,541x592,76,optimizada
assets/productos/STYLE/ropa_deportiva_hombre/chaqueta_hombre_antifluido_con_capucha/chaqueta_hombre_antifluido_con_capucha_3.webp,311360,16772,294588,506x647,506x647,76,optimizada
assets/productos/STYLE/ropa_deportiva_hombre/chaqueta_hombre_antifluido_con_capucha/chaqueta_hombre_antifluido_con_capucha_4.webp,264348,11310,253038,422x635,422x635,76,optimizada
assets/productos/STYLE/ropa_deportiva_hombre/chaqueta_hombre_antifluido_con_capucha/chaqueta_hombre_antifluido_con_capucha_5.webp,311210,13854,297356,421x646,421x646,76,optimizada
assets/productos/STYLE/ropa_deportiva_hombre/conjunto_deportivo_hombre_camiseta_manga_corta_short/conjunto_deportivo_hombre_camiseta_manga_corta_short_1.webp,367014,101338,265676,1050x1400,750x1000,76,optimizada
assets/productos/STYLE/ropa_deportiva_hombre/conjunto_deportivo_hombre_camiseta_manga_corta_short/conjunto_deportivo_hombre_camiseta_manga_corta_short_10.webp,104734,28296,76438,960x1280,750x1000,76,optimizada
assets/productos/STYLE/ropa_deportiva_hombre/conjunto_deportivo_hombre_camiseta_manga_corta_short/conjunto_deportivo_hombre_camiseta_manga_corta_short_10_web_ready.webp,105690,28296,77394,960x1280,750x1000,76,optimizada
assets/productos/STYLE/ropa_deportiva_hombre/conjunto_deportivo_hombre_camiseta_manga_corta_short/conjunto_deportivo_hombre_camiseta_manga_corta_short_11.webp,184464,53026,131438,960x1280,750x1000,76,optimizada
assets/productos/STYLE/ropa_deportiva_hombre/conjunto_deportivo_hombre_camiseta_manga_corta_short/conjunto_deportivo_hombre_camiseta_manga_corta_short_11_web_ready.webp,186510,52864,133646,960x1280,750x1000,76,optimizada
assets/productos/STYLE/ropa_deportiva_hombre/conjunto_deportivo_hombre_camiseta_manga_corta_short/conjunto_deportivo_hombre_camiseta_manga_corta_short_12.webp,294894,78268,216626,1051x1400,751x1000,76,optimizada
assets/productos/STYLE/ropa_deportiva_hombre/conjunto_deportivo_hombre_camiseta_manga_corta_short/conjunto_deportivo_hombre_camiseta_manga_corta_short_12_web_ready.webp,297142,75296,221846,1051x1400,751x1000,76,optimizada
assets/productos/STYLE/ropa_deportiva_hombre/conjunto_deportivo_hombre_camiseta_manga_corta_short/conjunto_deportivo_hombre_camiseta_manga_corta_short_13.webp,139322,37752,101570,960x1280,750x1000,76,optimizada
assets/productos/STYLE/ropa_deportiva_hombre/conjunto_deportivo_hombre_camiseta_manga_corta_short/conjunto_deportivo_hombre_camiseta_manga_corta_short_13_web_ready.webp,140930,38356,102574,960x1280,750x1000,76,optimizada
assets/productos/STYLE/ropa_deportiva_hombre/conjunto_deportivo_hombre_camiseta_manga_corta_short/conjunto_deportivo_hombre_camiseta_manga_corta_short_14.webp,185736,52198,133538,960x1280,750x1000,76,optimizada
assets/productos/STYLE/ropa_deportiva_hombre/conjunto_deportivo_hombre_camiseta_manga_corta_short/conjunto_deportivo_hombre_camiseta_manga_corta_short_14_web_ready.webp,188448,52532,135916,960x1280,750x1000,76,optimizada
assets/productos/STYLE/ropa_deportiva_hombre/conjunto_deportivo_hombre_camiseta_manga_corta_short/conjunto_deportivo_hombre_camiseta_manga_corta_short_15.webp,112642,29944,82698,960x1280,750x1000,76,optimizada
assets/productos/STYLE/ropa_deportiva_hombre/conjunto_deportivo_hombre_camiseta_manga_corta_short/conjunto_deportivo_hombre_camiseta_manga_corta_short_15_web_ready.webp,114008,30080,83928,960x1280,750x1000,76,optimizada
assets/productos/STYLE/ropa_deportiva_hombre/conjunto_deportivo_hombre_camiseta_manga_corta_short/conjunto_deportivo_hombre_camiseta_manga_corta_short_16.webp,243164,61102,182062,1050x1400,750x1000,76,optimizada
assets/productos/STYLE/ropa_deportiva_hombre/conjunto_deportivo_hombre_camiseta_manga_corta_short/conjunto_deportivo_hombre_camiseta_manga_corta_short_16_web_ready.webp,243430,61358,182072,1050x1400,750x1000,76,optimizada
assets/productos/STYLE/ropa_deportiva_hombre/conjunto_deportivo_hombre_camiseta_manga_corta_short/conjunto_deportivo_hombre_camiseta_manga_corta_short_17.webp,399252,119338,279914,1093x1400,781x1000,76,optimizada
assets/productos/STYLE/ropa_deportiva_hombre/conjunto_deportivo_hombre_camiseta_manga_corta_short/conjunto_deportivo_hombre_camiseta_manga_corta_short_17_web_ready.webp,401082,119486,281596,1093x1400,781x1000,76,optimizada
assets/productos/STYLE/ropa_deportiva_hombre/conjunto_deportivo_hombre_camiseta_manga_corta_short/conjunto_deportivo_hombre_camiseta_manga_corta_short_18.webp,358994,86730,272264,1050x1400,750x1000,76,optimizada
assets/productos/STYLE/ropa_deportiva_hombre/conjunto_deportivo_hombre_camiseta_manga_corta_short/conjunto_deportivo_hombre_camiseta_manga_corta_short_18_web_ready.webp,360346,85340,275006,1050x1400,750x1000,76,optimizada
assets/productos/STYLE/ropa_deportiva_hombre/conjunto_deportivo_hombre_camiseta_manga_corta_short/conjunto_deportivo_hombre_camiseta_manga_corta_short_19.webp,331466,78788,252678,1050x1400,750x1000,76,optimizada
assets/productos/STYLE/ropa_deportiva_hombre/conjunto_deportivo_hombre_camiseta_manga_corta_short/conjunto_deportivo_hombre_camiseta_manga_corta_short_19_web_ready.webp,332936,79964,252972,1050x1400,750x1000,76,optimizada
assets/productos/STYLE/ropa_deportiva_hombre/conjunto_deportivo_hombre_camiseta_manga_corta_short/conjunto_deportivo_hombre_camiseta_manga_corta_short_1_web_ready.webp,368728,100756,267972,1050x1400,750x1000,76,optimizada
assets/productos/STYLE/ropa_deportiva_hombre/conjunto_deportivo_hombre_camiseta_manga_corta_short/conjunto_deportivo_hombre_camiseta_manga_corta_short_2.webp,330070,92988,237082,1050x1400,750x1000,76,optimizada
assets/productos/STYLE/ropa_deportiva_hombre/conjunto_deportivo_hombre_camiseta_manga_corta_short/conjunto_deportivo_hombre_camiseta_manga_corta_short_20.webp,334482,87520,246962,1050x1400,750x1000,76,optimizada
assets/productos/STYLE/ropa_deportiva_hombre/conjunto_deportivo_hombre_camiseta_manga_corta_short/conjunto_deportivo_hombre_camiseta_manga_corta_short_20_web_ready.webp,335288,88382,246906,1050x1400,750x1000,76,optimizada
assets/productos/STYLE/ropa_deportiva_hombre/conjunto_deportivo_hombre_camiseta_manga_corta_short/conjunto_deportivo_hombre_camiseta_manga_corta_short_21.webp,291960,69904,222056,1050x1400,750x1000,76,optimizada
assets/productos/STYLE/ropa_deportiva_hombre/conjunto_deportivo_hombre_camiseta_manga_corta_short/conjunto_deportivo_hombre_camiseta_manga_corta_short_21_web_ready.webp,294096,69942,224154,1050x1400,750x1000,76,optimizada
assets/productos/STYLE/ropa_deportiva_hombre/conjunto_deportivo_hombre_camiseta_manga_corta_short/conjunto_deportivo_hombre_camiseta_manga_corta_short_22.webp,328482,77168,251314,1050x1400,750x1000,76,optimizada
assets/productos/STYLE/ropa_deportiva_hombre/conjunto_deportivo_hombre_camiseta_manga_corta_short/conjunto_deportivo_hombre_camiseta_manga_corta_short_22_web_ready.webp,330056,75634,254422,1050x1400,750x1000,76,optimizada
assets/productos/STYLE/ropa_deportiva_hombre/conjunto_deportivo_hombre_camiseta_manga_corta_short/conjunto_deportivo_hombre_camiseta_manga_corta_short_23.webp,322602,87476,235126,1050x1400,750x1000,76,optimizada
assets/productos/STYLE/ropa_deportiva_hombre/conjunto_deportivo_hombre_camiseta_manga_corta_short/conjunto_deportivo_hombre_camiseta_manga_corta_short_23_web_ready.webp,324998,88058,236940,1050x1400,750x1000,76,optimizada
assets/productos/STYLE/ropa_deportiva_hombre/conjunto_deportivo_hombre_camiseta_manga_corta_short/conjunto_deportivo_hombre_camiseta_manga_corta_short_2_web_ready.webp,332098,93338,238760,1050x1400,750x1000,76,optimizada
assets/productos/STYLE/ropa_deportiva_hombre/conjunto_deportivo_hombre_camiseta_manga_corta_short/conjunto_deportivo_hombre_camiseta_manga_corta_short_3.webp,332556,79464,253092,1050x1400,750x1000,76,optimizada
assets/productos/STYLE/ropa_deportiva_hombre/conjunto_deportivo_hombre_camiseta_manga_corta_short/conjunto_deportivo_hombre_camiseta_manga_corta_short_3_web_ready.webp,334048,79572,254476,1050x1400,750x1000,76,optimizada
assets/productos/STYLE/ropa_deportiva_hombre/conjunto_deportivo_hombre_camiseta_manga_corta_short/conjunto_deportivo_hombre_camiseta_manga_corta_short_4.webp,379290,100948,278342,1050x1400,750x1000,76,optimizada
assets/productos/STYLE/ropa_deportiva_hombre/conjunto_deportivo_hombre_camiseta_manga_corta_short/conjunto_deportivo_hombre_camiseta_manga_corta_short_4_web_ready.webp,381276,100994,280282,1050x1400,750x1000,76,optimizada
assets/productos/STYLE/ropa_deportiva_hombre/conjunto_deportivo_hombre_camiseta_manga_corta_short/conjunto_deportivo_hombre_camiseta_manga_corta_short_5.webp,138446,36678,101768,960x1280,750x1000,76,optimizada
assets/productos/STYLE/ropa_deportiva_hombre/conjunto_deportivo_hombre_camiseta_manga_corta_short/conjunto_deportivo_hombre_camiseta_manga_corta_short_5_web_ready.webp,139928,36794,103134,960x1280,750x1000,76,optimizada
assets/productos/STYLE/ropa_deportiva_hombre/conjunto_deportivo_hombre_camiseta_manga_corta_short/conjunto_deportivo_hombre_camiseta_manga_corta_short_6.webp,151558,38864,112694,960x1280,750x1000,76,optimizada
assets/productos/STYLE/ropa_deportiva_hombre/conjunto_deportivo_hombre_camiseta_manga_corta_short/conjunto_deportivo_hombre_camiseta_manga_corta_short_6_web_ready.webp,153172,39012,114160,960x1280,750x1000,76,optimizada
assets/productos/STYLE/ropa_deportiva_hombre/conjunto_deportivo_hombre_camiseta_manga_corta_short/conjunto_deportivo_hombre_camiseta_manga_corta_short_7.webp,149498,40968,108530,960x1280,750x1000,76,optimizada
assets/productos/STYLE/ropa_deportiva_hombre/conjunto_deportivo_hombre_camiseta_manga_corta_short/conjunto_deportivo_hombre_camiseta_manga_corta_short_7_web_ready.webp,151444,41004,110440,960x1280,750x1000,76,optimizada
assets/productos/STYLE/ropa_deportiva_hombre/conjunto_deportivo_hombre_camiseta_manga_corta_short/conjunto_deportivo_hombre_camiseta_manga_corta_short_8.webp,174994,49572,125422,960x1280,750x1000,76,optimizada
assets/productos/STYLE/ropa_deportiva_hombre/conjunto_deportivo_hombre_camiseta_manga_corta_short/conjunto_deportivo_hombre_camiseta_manga_corta_short_8_web_ready.webp,176798,49526,127272,960x1280,750x1000,76,optimizada
assets/productos/STYLE/ropa_deportiva_hombre/conjunto_deportivo_hombre_camiseta_manga_corta_short/conjunto_deportivo_hombre_camiseta_manga_corta_short_9.webp,141912,37364,104548,960x1280,750x1000,76,optimizada
assets/productos/STYLE/ropa_deportiva_hombre/conjunto_deportivo_hombre_camiseta_manga_corta_short/conjunto_deportivo_hombre_camiseta_manga_corta_short_9_web_ready.webp,143860,37386,106474,960x1280,750x1000,76,optimizada
assets/productos/STYLE/ropa_deportiva_hombre/conjunto_deportivo_hombre_sin_mangas_short/conjunto_deportivo_hombre_sin_mangas_short_1.webp,357298,100884,256414,1050x1400,750x1000,76,optimizada
assets/productos/STYLE/ropa_deportiva_hombre/conjunto_deportivo_hombre_sin_mangas_short/conjunto_deportivo_hombre_sin_mangas_short_2.webp,344578,89934,254644,1050x1400,750x1000,76,optimizada
assets/productos/STYLE/ropa_deportiva_hombre/conjunto_deportivo_hombre_sin_mangas_short/conjunto_deportivo_hombre_sin_mangas_short_3.webp,392140,112864,279276,1050x1400,750x1000,76,optimizada
assets/productos/STYLE/ropa_deportiva_hombre/conjunto_deportivo_hombre_sin_mangas_short/conjunto_deportivo_hombre_sin_mangas_short_4.webp,389594,104720,284874,1050x1400,750x1000,76,optimizada
assets/productos/STYLE/ropa_deportiva_hombre/conjunto_deportivo_hombre_sin_mangas_short/conjunto_deportivo_hombre_sin_mangas_short_5.webp,233324,51802,181522,1050x1400,750x1000,76,optimizada
assets/productos/STYLE/ropa_deportiva_hombre/conjunto_deportivo_hombre_sin_mangas_short/conjunto_deportivo_hombre_sin_mangas_short_6.webp,345374,82648,262726,1050x1400,750x1000,76,optimizada
assets/productos/STYLE/ropa_deportiva_hombre/conjunto_deportivo_hombre_sin_mangas_short/conjunto_deportivo_hombre_sin_mangas_short_7.webp,413762,111276,302486,1050x1400,750x1000,76,optimizada
assets/productos/STYLE/ropa_deportiva_hombre/conjunto_deportivo_hombre_sin_mangas_short/conjunto_deportivo_hombre_sin_mangas_short_8.webp,395818,109514,286304,1050x1400,750x1000,76,optimizada
assets/productos/STYLE/ropa_deportiva_hombre/licra_corta_hombre_nacional/licra_corta_hombre_nacional_0.webp,331502,22236,309266,472x753,472x753,80,optimizada
assets/productos/STYLE/ropa_deportiva_hombre/licra_corta_hombre_nacional/licra_corta_hombre_nacional_1.webp,317863,21102,296761,406x692,406x692,76,optimizada
assets/productos/STYLE/ropa_deportiva_hombre/pantaloneta_importada_hombre_con_licra_interna/pantaloneta_importada_hombre_con_licra_interna_0.webp,10200,9622,578,389x500,389x500,80,optimizada
assets/productos/STYLE/ropa_deportiva_hombre/pantaloneta_importada_hombre_con_licra_interna/pantaloneta_importada_hombre_con_licra_interna_1.webp,33051,9410,23641,400x499,400x499,76,optimizada
assets/productos/STYLE/ropa_deportiva_hombre/pantaloneta_importada_hombre_con_licra_interna/pantaloneta_importada_hombre_con_licra_interna_2.webp,38206,18458,19748,345x400,345x400,76,optimizada
assets/productos/STYLE/ropa_deportiva_hombre/pantaloneta_importada_hombre_con_licra_interna/pantaloneta_importada_hombre_con_licra_interna_3.webp,237048,12532,224516,363x682,363x682,76,optimizada
assets/productos/STYLE/ropa_deportiva_hombre/pantaloneta_importada_hombre_sin_licra_interna/pantaloneta_importada_hombre_sin_licra_interna_0.webp,234202,14686,219516,362x675,362x675,80,optimizada
assets/productos/STYLE/ropa_deportiva_hombre/pantaloneta_importada_hombre_sin_licra_interna/pantaloneta_importada_hombre_sin_licra_interna_1.webp,265758,13206,252552,426x687,426x687,76,optimizada
assets/productos/STYLE/ropa_deportiva_hombre/pantaloneta_importada_hombre_sin_licra_interna/pantaloneta_importada_hombre_sin_licra_interna_2.webp,237048,12532,224516,363x682,363x682,76,optimizada
assets/productos/STYLE/ropa_deportiva_hombre/pantaloneta_importada_hombre_sin_licra_interna/pantaloneta_importada_hombre_sin_licra_interna_3.webp,251073,13304,237769,388x686,388x686,76,optimizada
assets/productos/STYLE/ropa_deportiva_hombre/sudadera_nacional_hombre_antifluido/sudadera_nacional_hombre_antifluido_0.webp,361776,23122,338654,442x653,442x653,80,optimizada
assets/productos/STYLE/ropa_deportiva_hombre/sudadera_nacional_hombre_antifluido/sudadera_nacional_hombre_antifluido_1.webp,373293,20926,352367,491x663,491x663,76,optimizada
assets/productos/STYLE/ropa_deportiva_hombre/sudadera_nacional_hombre_antifluido/sudadera_nacional_hombre_antifluido_2.webp,354343,21072,333271,457x627,457x627,76,optimizada
assets/productos/STYLE/ropa_deportiva_hombre/sudadera_nacional_hombre_antifluido/sudadera_nacional_hombre_antifluido_3.webp,413149,26898,386251,492x610,492x610,76,optimizada
assets/productos/STYLE/ropa_deportiva_hombre/sudadera_nacional_hombre_antifluido/sudadera_nacional_hombre_antifluido_4.webp,382537,21684,360853,472x645,472x645,76,optimizada
assets/productos/STYLE/ropa_deportiva_nino/calentador_nino/calentador_nino_0.webp,344185,23948,320237,453x590,453x590,80,optimizada
assets/productos/STYLE/ropa_deportiva_nino/calentador_nino/calentador_nino_1.webp,386423,25328,361095,461x602,461x602,76,optimizada
assets/productos/STYLE/ropa_deportiva_nino/calentador_nino/calentador_nino_2.webp,391830,23126,368704,465x635,465x635,76,optimizada
assets/productos/STYLE/ropa_deportiva_nino/calentador_nino/calentador_nino_3.webp,365007,23970,341037,428x598,428x598,76,optimizada
assets/productos/STYLE/short_malla_push_up_suplex_top/short_malla_push_up_suplex_top_0.webp,25278,13774,11504,379x439,379x439,80,optimizada
assets/productos/STYLE/short_nylon_unicolor_top/short_nylon_unicolor_top_0.webp,39116,22262,16854,337x417,337x417,80,optimizada
assets/productos/STYLE/short_suplex_unicolor_top/short_suplex_unicolor_top_0.webp,35238,19530,15708,368x408,368x408,80,optimizada
assets/productos/STYLE/sudadera_bota_recta_burda_chaqueta/sudadera_bota_recta_burda_chaqueta_0.webp,26368,13562,12806,361x397,361x397,80,optimizada
assets/productos/STYLE/sudadera_nacional_hombre_antifluido/sudadera_nacional_hombre_antifluido_0.webp,17718,8334,9384,344x386,344x386,80,optimizada
assets/productos/STYLE/top_coco/top_coco_0.webp,23456,13320,10136,368x310,368x310,80,optimizada
assets/productos/STYLE/top_esqueleto/top_esqueleto_0.webp,20484,11438,9046,368x310,368x310,80,optimizada
assets/productos/STYLE/top_manga_larga/top_manga_larga_0.webp,27820,15414,12406,336x310,336x310,80,optimizada
assets/productos/STYLE/top_martina/top_martina_0.webp,18686,9860,8826,336x310,336x310,80,optimizada
assets/productos/STYLE/vestido_karla_suplex/vestido_karla_suplex_0.webp,31820,16510,15310,366x449,366x449,80,optimizada
assets/productos/STYLE/vestido_lola_suplex/vestido_lola_suplex_0.webp,25480,13630,11850,362x431,362x431,80,optimizada
assets/productos/STYLE/vestido_manga_corta_prenses_suplex/vestido_manga_corta_prenses_suplex_0.webp,28034,15902,12132,352x418,352x418,80,optimizada
assets/productos/STYLE/vestido_manga_larga_prenses_suplex/vestido_manga_larga_prenses_suplex_0.webp,34812,18496,16316,351x415,351x415,80,optimizada
assets/productos/STYLE/vestidos/vestido_karla_suplex/vestido_karla_suplex_0.webp,31820,16510,15310,366x449,366x449,80,optimizada
assets/productos/STYLE/vestidos/vestido_lola_suplex/vestido_lola_suplex_0.webp,259781,15386,244395,400x545,400x545,80,optimizada
assets/productos/STYLE/vestidos/vestido_lola_suplex/vestido_lola_suplex_1.webp,302225,16604,285621,471x562,471x562,76,optimizada
assets/productos/STYLE/vestidos/vestido_lola_suplex/vestido_lola_suplex_2.webp,276005,12506,263499,461x570,461x570,76,optimizada
assets/productos/STYLE/vestidos/vestido_lola_suplex/vestido_lola_suplex_3.webp,233135,12540,220595,446x548,446x548,76,optimizada
assets/productos/STYLE/vestidos/vestido_manga_corta_prenses_suplex/vestido_manga_corta_prenses_suplex_0.webp,229102,13558,215544,421x561,421x561,80,optimizada
assets/productos/STYLE/vestidos/vestido_manga_corta_prenses_suplex/vestido_manga_corta_prenses_suplex_1.webp,197692,10646,187046,442x567,442x567,76,optimizada
assets/productos/STYLE/vestidos/vestido_manga_corta_prenses_suplex/vestido_manga_corta_prenses_suplex_2.webp,256962,15432,241530,393x605,393x605,76,optimizada
assets/productos/STYLE/vestidos/vestido_manga_larga_prenses_suplex/vestido_manga_larga_prenses_suplex_0.webp,184323,9274,175049,425x567,425x567,80,optimizada
assets/productos/STYLE/vestidos/vestido_manga_larga_prenses_suplex/vestido_manga_larga_prenses_suplex_1.webp,270485,13314,257171,462x613,462x613,76,optimizada
assets/productos/STYLE/vestidos/vestido_manga_larga_prenses_suplex/vestido_manga_larga_prenses_suplex_2.webp,192532,9030,183502,450x552,450x552,76,optimizada
assets/productos/STYLE/vestidos/vestido_manga_larga_prenses_suplex/vestido_manga_larga_prenses_suplex_3.webp,203088,9756,193332,448x555,448x555,76,optimizada
assets/productos/STYLE/vestidos/vestido_manga_larga_prenses_suplex/vestido_manga_larga_prenses_suplex_4.webp,183089,8100,174989,467x568,467x568,76,optimizada
assets/productos/STYLE/vestidos/vestido_manga_larga_prenses_suplex/vestido_manga_larga_prenses_suplex_5.webp,211703,11304,200399,485x555,485x555,76,optimizada
