ID;SKU;Estado;Visible en tienda;Línea;Categoría;Subcategoría;Nombre;Marca;Precio;Disponibilidad;Descripción;Talla;Color;Etiqueta;Carpeta categoría;Carpeta producto;Imágenes;Registro fotográfico visible;Cantidad de fotografías
B91;BC-010;Activo;No;Beauty Care;Accesorios Beauty Care;Cepillo;Cepillo desenrredante;Akarella;8000;Disponible;Cepillo desenrredante de Akarella, accesorio de belleza pensado para facilitar tareas de aplicación, difuminado o arreglo dentro de la rutina personal, según el tipo de herramienta. Su formato práctico permite complementar los productos que ya utilizas. Revisa la referencia y confirma disponibilidad con LIHEN.CO.;Por confirmar;Por confirmar;Consulta disponibilidad;;;;No;0
B92;BC-005;Activo;No;Beauty Care;Maquillaje / rostro;Base;Base matte Tono Becca 00;Alissha Beauty;20115;Disponible;Base matte Tono Becca 00 de Alissha Beauty, base de maquillaje para complementar la preparación del rostro y trabajar un acabado más uniforme según la técnica de aplicación. La referencia corresponde a Becca 00. Combínalo con el resto de tu rutina de maquillaje y confirma con LIHEN.CO que el tono disponible corresponda a lo que buscas.;Por confirmar;Por confirmar;Consulta disponibilidad;;;;No;0
B93;BC-078;Activo;No;Beauty Care;Maquillaje / ojos;Pestañina;Pestañina Anik;Ani-K;22000;Disponible / por confirmar;Pestañina Anik de Ani-K, pestañina para destacar la mirada y complementar el maquillaje de ojos. Está pensada para definir visualmente las pestañas y acompañar distintos estilos de maquillaje, desde un acabado cotidiano hasta uno más intenso. Confirma con LIHEN.CO la referencia disponible antes de realizar tu pedido.;Por confirmar;Por confirmar;Consulta disponibilidad;;;;No;0
B94;BC-077;Activo;No;Beauty Care;Maquillaje / labios;Lip;Atenea Lip Oil;Atenea;32000;Disponible;"Lip Oil de Atenea con textura ligera y sensación no pegajosa, pensado para aportar un acabado luminoso con un toque suave de color. La marca indica que puede usarse solo o sobre el labial, por lo que funciona como una opción versátil para el maquillaje diario. Presentación de 5 ml; confirma con LIHEN.CO el tono disponible antes de realizar tu pedido.";Por confirmar;Por confirmar;Consulta disponibilidad;;;;No;0
B95;BC-009;Activo;No;Beauty Care;Accesorios Beauty Care;Beauty Pomos;Pomos de corazon x3;Beauty tool;7000;Disponible;Pomos de corazon x3 de Beauty tool, accesorio de belleza pensado para facilitar tareas de aplicación, difuminado o arreglo dentro de la rutina personal, según el tipo de herramienta. Su formato práctico permite complementar los productos que ya utilizas. Revisa la referencia y confirma disponibilidad con LIHEN.CO.;Por confirmar;Por confirmar;Consulta disponibilidad;;;;No;0
B96;BC-052;Activo;No;Beauty Care;Skincare / rostro;Mascarilla;Mascarillas en velo;Bioaqua;2500;Disponible;Mascarillas faciales en velo Bioaqua para complementar una rutina de cuidado de forma práctica. El catálogo oficial de la marca reúne distintas referencias de mascarillas, por lo que el beneficio específico depende de la variante disponible. Confirma con LIHEN.CO cuál referencia se encuentra disponible para elegir la opción adecuada sin atribuirle propiedades que correspondan a otra fórmula.;Por confirmar;Por confirmar;Consulta disponibilidad;;;;No;0
B97;BC-007;Activo;No;Beauty Care;Accesorios Beauty Care;Beauty Blender;Big Blender;Bloomshell;11000;Disponible;Bloom Big Blender de Bloomshell, accesorio tipo esponja diseñado para apoyar la aplicación y difuminado del maquillaje. Su formato permite trabajar el producto de manera práctica en distintas zonas del rostro. Es una opción útil para complementar la rutina de maquillaje y lograr una aplicación más uniforme según la técnica y el cosmético utilizado.;Por confirmar;Por confirmar;Consulta disponibilidad;;;;No;0
B102;BC-070;Activo;No;Beauty Care;Maquillaje / rostro;Contorno;Contorno Tono 03;Bloomshell;28000;Disponible;Contorno Tono 03 de Bloomshell, producto de maquillaje para aportar dimensión, color o acabado al rostro según su función dentro de la rutina. La referencia corresponde a 03. Permite complementar diferentes estilos de maquillaje sin necesidad de atribuirle beneficios ajenos a su categoría. Confirma tono, presentación y disponibilidad con LIHEN.CO.;Por confirmar;Por confirmar;Consulta disponibilidad;;;;No;0
B103;BC-035;Activo;No;Beauty Care;Maquillaje / rostro;Corrrector;Corrector 10ml  LIGHT 00;Bloomshell;25000;Disponible / por confirmar;"Corrector My Concealer Bloomshell de 10 ml en tono Light 00. Es una referencia de maquillaje para trabajar zonas puntuales del rostro y complementar la base según el acabado deseado. El tono Light 00 permite identificar claramente la variante; confirma que sea el tono que buscas antes de realizar tu pedido.";Por confirmar;Por confirmar;Consulta disponibilidad;;;;No;0
B104;BC-036;Activo;No;Beauty Care;Maquillaje / rostro;Corrrector;Corrector 10ml  NATURAL 01;Bloomshell;25000;Disponible;Corrector 10ml  NATURAL 01 de Bloomshell, corrector de maquillaje para complementar la preparación del rostro y trabajar un acabado más uniforme según la técnica de aplicación. Combínalo con el resto de tu rutina de maquillaje y confirma con LIHEN.CO que el tono disponible corresponda a lo que buscas.;Por confirmar;Por confirmar;Consulta disponibilidad;;;;No;0
B105;BC-034;Activo;No;Beauty Care;Maquillaje / rostro;Corrrector;Corrector 10ml IVORY 04;Bloomshell;25000;Disponible / por confirmar;Corrector 10ml IVORY 04 de Bloomshell, corrector de maquillaje para complementar la preparación del rostro y trabajar un acabado más uniforme según la técnica de aplicación. Combínalo con el resto de tu rutina de maquillaje y confirma con LIHEN.CO que el tono disponible corresponda a lo que buscas.;Por confirmar;Por confirmar;Consulta disponibilidad;;;;No;0
B106;BC-069;Activo;No;Beauty Care;Maquillaje / ojos;Delineador;Delineador de ojo;Bloomshell;12000;Disponible / por confirmar;Bloom Black Eyeliner Pencil de Bloomshell es un lápiz delineador negro para definir el contorno de los ojos y crear trazos según el estilo de maquillaje. Su formato tipo lápiz resulta práctico para looks desde discretos hasta más marcados. Confirma disponibilidad con LIHEN.CO antes de realizar tu pedido.;Por confirmar;Por confirmar;Consulta disponibilidad;;;;No;0
B98;BC-013;Activo;No;Beauty Care;Maquillaje / rostro;Fijador;Bloom fix fijador;Bloomshell;0;Disponible;Bloom Fix Fijador de Bloomshell pertenece a la categoría de sellantes de maquillaje de la marca. Está pensado como un paso final dentro de la rutina para complementar el acabado del maquillaje. Confirma con LIHEN.CO la presentación disponible y las indicaciones del envase antes de usarlo.;Por confirmar;Por confirmar;Consulta disponibilidad;;;;No;0
B107;BC-019;Activo;No;Beauty Care;Maquillaje / ojos;Fijador;Fijador de cejas Bloom;Bloomshell;18000;Disponible;Fijador de cejas Bloom de Bloomshell, producto pensado para complementar la preparación o el acabado del maquillaje según su función específica. Es un paso práctico dentro de la rutina para quienes buscan organizar mejor la aplicación de sus productos. Confirma con LIHEN.CO la presentación disponible y sigue las indicaciones del fabricante.;Por confirmar;Por confirmar;Consulta disponibilidad;;;;No;0
B108;BC-068;Activo;No;Beauty Care;Maquillaje / ojos;Lapiz;Lapiz de cejas;Bloomshell;11000;Disponible;Lapiz de cejas de Bloomshell, referencia de maquillaje pensada para definir y dar mayor intención a los trazos en ojos o cejas, según la categoría del producto. Su formato permite incorporarlo tanto a looks cotidianos como a maquillajes más marcados. Confirma la variante y disponibilidad con LIHEN.CO.;Por confirmar;Por confirmar;Consulta disponibilidad;;;;No;0
B99;BC-012;Activo;No;Beauty Care;Skincare / rostro;Primer;Bloom Jelly primer;Bloomshell;33000;Disponible;Bloom Jelly primer de Bloomshell, producto pensado para complementar la preparación o el acabado del maquillaje según su función específica. Es un paso práctico dentro de la rutina para quienes buscan organizar mejor la aplicación de sus productos. Confirma con LIHEN.CO la presentación disponible y sigue las indicaciones del fabricante.;Por confirmar;Por confirmar;Consulta disponibilidad;;;;No;0
B110;BC-016;Activo;No;Beauty Care;Maquillaje / rostro;Rubor;Rubor liquido tono 01 cupido;Bloomshell;22000;Disponible;Rubor liquido tono 01 cupido de Bloomshell, producto de maquillaje para aportar dimensión, color o acabado al rostro según su función dentro de la rutina. La referencia corresponde a 01 cupido. Permite complementar diferentes estilos de maquillaje sin necesidad de atribuirle beneficios ajenos a su categoría. Confirma tono, presentación y disponibilidad con LIHEN.CO.;Por confirmar;Por confirmar;Consulta disponibilidad;;;;No;0
B109;BC-071;Activo;No;Beauty Care;Accesorios Beauty Care;Set;Set de brochas;Bloomshell;26500;Disponible;Set de brochas de Bloomshell, accesorio de belleza pensado para facilitar tareas de aplicación, difuminado o arreglo dentro de la rutina personal, según el tipo de herramienta. Su formato práctico permite complementar los productos que ya utilizas. Revisa la referencia y confirma disponibilidad con LIHEN.CO.;Por confirmar;Por confirmar;Consulta disponibilidad;;;;No;0
B101;BC-075;Activo;No;Beauty Care;Maquillaje / ojos;Sombras;Bloomshell Luxu;Bloomshell;42000;Disponible;Bloomshell Luxu de Bloomshell, producto de maquillaje para aportar dimensión, color o acabado al rostro según su función dentro de la rutina. Permite complementar diferentes estilos de maquillaje sin necesidad de atribuirle beneficios ajenos a su categoría. Confirma tono, presentación y disponibilidad con LIHEN.CO.;Por confirmar;Por confirmar;Consulta disponibilidad;;;;No;0
B100;BC-028;Activo;No;Beauty Care;Maquillaje / labios;Tinta;Bloom tinta aqua;Bloomshell;15000;Disponible;Bloom tinta aqua de Bloomshell, producto para labios pensado para aportar color, brillo o definición según su formato específico. Puede integrarse fácilmente a un maquillaje diario o utilizarse como detalle final del look. Confirma con LIHEN.CO el tono, acabado y disponibilidad de esta referencia.;Por confirmar;Por confirmar;Consulta disponibilidad;;;;No;0
B77;;Activo;Sí;Beauty Care;Maquillaje / producto por confirmar;;Bloom Capuchic;Bloomshell;18000;Disponible / por confirmar;Bloom Capuchic de Bloomshell, referencia disponible en el catálogo de LIHEN.CO dentro de Maquillaje / producto por confirmar. La información pública se mantiene deliberadamente prudente cuando no existe una ficha oficial suficientemente específica. Revisa las fotografías disponibles y confirma presentación, variante y disponibilidad antes de realizar tu pedido.;Por confirmar;Por confirmar;Producto confirmado;maquillaje;bloom_bloom_capuchic;./assets/productos/BEAUTY_CARE/maquillaje/bloom_bloom_capuchic/bloom_bloom_capuchic_0.webp|./assets/productos/BEAUTY_CARE/maquillaje/bloom_bloom_capuchic/bloom_bloom_capuchic_1.webp;Sí;2
B71;;Activo;Sí;Beauty Care;Maquillaje / producto por confirmar;;Bloom Cosmic;Bloomshell;34000;Disponible / por confirmar;Bloom Cosmic de Bloomshell, referencia disponible en el catálogo de LIHEN.CO dentro de Maquillaje / producto por confirmar. La información pública se mantiene deliberadamente prudente cuando no existe una ficha oficial suficientemente específica. Revisa las fotografías disponibles y confirma presentación, variante y disponibilidad antes de realizar tu pedido.;Por confirmar;Por confirmar;Producto confirmado;maquillaje;bloom_bloom_cosmic;./assets/productos/BEAUTY_CARE/maquillaje/bloom_bloom_cosmic/bloom_bloom_cosmic_0.webp|./assets/productos/BEAUTY_CARE/maquillaje/bloom_bloom_cosmic/bloom_bloom_cosmic_1.webp;Sí;2
B76;;Activo;Sí;Beauty Care;Maquillaje / producto con brillo;;Bloom Dolce Destello;Bloomshell;25000;Disponible / por confirmar;Bloom Dolce Destello de Bloomshell, referencia disponible en el catálogo de LIHEN.CO dentro de Maquillaje / producto con brillo. La información pública se mantiene deliberadamente prudente cuando no existe una ficha oficial suficientemente específica. Revisa las fotografías disponibles y confirma presentación, variante y disponibilidad antes de realizar tu pedido.;Por confirmar;Por confirmar;Producto confirmado;maquillaje;bloom_bloom_dolce_destello;./assets/productos/BEAUTY_CARE/maquillaje/bloom_bloom_dolce_destello/bloom_bloom_dolce_destello_0.webp|./assets/productos/BEAUTY_CARE/maquillaje/bloom_bloom_dolce_destello/bloom_bloom_dolce_destello_1.webp;Sí;2
B84;;Activo;Sí;Beauty Care;Maquillaje / jelly;;Bloom Jelly Fusion;Bloomshell;32900;Disponible / por confirmar;Bloom Jelly Fusion de Bloomshell, referencia disponible en el catálogo de LIHEN.CO dentro de Maquillaje / jelly. La información pública se mantiene deliberadamente prudente cuando no existe una ficha oficial suficientemente específica. Revisa las fotografías disponibles y confirma presentación, variante y disponibilidad antes de realizar tu pedido.;Por confirmar;Por confirmar;Producto confirmado;maquillaje;bloom_bloom_jelly_fusion;./assets/productos/BEAUTY_CARE/maquillaje/bloom_bloom_jelly_fusion/bloom_bloom_jelly_fusion_0.webp|./assets/productos/BEAUTY_CARE/maquillaje/bloom_bloom_jelly_fusion/bloom_bloom_jelly_fusion_1.webp;Sí;2
B80;;Activo;Sí;Beauty Care;Maquillaje / producto por confirmar;;Bloom Pop Mimosa;Bloomshell;25000;Disponible / por confirmar;Bloom Pop Mimosa de Bloomshell, referencia disponible en el catálogo de LIHEN.CO dentro de Maquillaje / producto por confirmar. La información pública se mantiene deliberadamente prudente cuando no existe una ficha oficial suficientemente específica. Revisa las fotografías disponibles y confirma presentación, variante y disponibilidad antes de realizar tu pedido.;Por confirmar;Por confirmar;Producto confirmado;maquillaje;bloom_bloom_pop_mimosa;./assets/productos/BEAUTY_CARE/maquillaje/bloom_bloom_pop_mimosa/bloom_bloom_pop_mimosa_0.webp|./assets/productos/BEAUTY_CARE/maquillaje/bloom_bloom_pop_mimosa/bloom_bloom_pop_mimosa_1.webp;Sí;2
B72;;Activo;Sí;Beauty Care;Maquillaje / producto por confirmar;;Bloom Ultra Blendi;Bloomshell;13500;Disponible / por confirmar;Bloom Ultra Blendi de Bloomshell, referencia disponible en el catálogo de LIHEN.CO dentro de Maquillaje / producto por confirmar. La información pública se mantiene deliberadamente prudente cuando no existe una ficha oficial suficientemente específica. Revisa las fotografías disponibles y confirma presentación, variante y disponibilidad antes de realizar tu pedido.;Por confirmar;Por confirmar;Producto confirmado;maquillaje;bloom_bloom_ultra_blendi;./assets/productos/BEAUTY_CARE/maquillaje/bloom_bloom_ultra_blendi/bloom_bloom_ultra_blendi_0.webp|./assets/productos/BEAUTY_CARE/maquillaje/bloom_bloom_ultra_blendi/bloom_bloom_ultra_blendi_10.webp;Sí;2
B81;;Activo;Sí;Beauty Care;Maquillaje / paleta o producto multiuso;;Bloom Vibes;Bloomshell;43000;Disponible / por confirmar;Bloom Vibes de Bloomshell, referencia disponible en el catálogo de LIHEN.CO dentro de Maquillaje / paleta o producto multiuso. La información pública se mantiene deliberadamente prudente cuando no existe una ficha oficial suficientemente específica. Revisa las fotografías disponibles y confirma presentación, variante y disponibilidad antes de realizar tu pedido.;Por confirmar;Por confirmar;Producto confirmado;maquillaje;bloom_bloom_vibes;./assets/productos/BEAUTY_CARE/maquillaje/bloom_bloom_vibes/bloom_bloom_vibes_0.webp|./assets/productos/BEAUTY_CARE/maquillaje/bloom_bloom_vibes/bloom_bloom_vibes_1.webp;Sí;2
B78;;Activo;Sí;Beauty Care;Maquillaje de cejas / laminador;;Bloom Lamination XL;Bloomshell;25000;Disponible / por confirmar;Bloom Lamination XL de Bloomshell, referencia disponible en el catálogo de LIHEN.CO dentro de Maquillaje de cejas / laminador. La información pública se mantiene deliberadamente prudente cuando no existe una ficha oficial suficientemente específica. Revisa las fotografías disponibles y confirma presentación, variante y disponibilidad antes de realizar tu pedido.;Por confirmar;Por confirmar;Producto confirmado;maquillaje_de_cejas;bloom_bloom_lamination_xl;./assets/productos/BEAUTY_CARE/maquillaje_de_cejas/bloom_bloom_lamination_xl/bloom_bloom_lamination_xl_0.webp|./assets/productos/BEAUTY_CARE/maquillaje_de_cejas/bloom_bloom_lamination_xl/bloom_bloom_lamination_xl_1.webp;Sí;2
B79;;Activo;Sí;Beauty Care;Maquillaje de labios / producto labial;;Bloom Latte Kiss;Bloomshell;22000;Disponible / por confirmar;Bloom Latte Kiss de Bloomshell, referencia disponible en el catálogo de LIHEN.CO dentro de Maquillaje de labios / producto labial. La información pública se mantiene deliberadamente prudente cuando no existe una ficha oficial suficientemente específica. Revisa las fotografías disponibles y confirma presentación, variante y disponibilidad antes de realizar tu pedido.;Por confirmar;Por confirmar;Producto confirmado;maquillaje_de_labios;bloom_bloom_latte_kiss;./assets/productos/BEAUTY_CARE/maquillaje_de_labios/bloom_bloom_latte_kiss/bloom_bloom_latte_kiss_0.webp|./assets/productos/BEAUTY_CARE/maquillaje_de_labios/bloom_bloom_latte_kiss/bloom_bloom_latte_kiss_1.webp;Sí;2
B75;;Activo;Sí;Beauty Care;Maquillaje de labios / gloss;;Bloom Lumi Gloss;Bloomshell;18500;Disponible / por confirmar;Bloom Lumi Gloss de Bloomshell, producto para labios pensado para aportar color, brillo o definición según su formato específico. Puede integrarse fácilmente a un maquillaje diario o utilizarse como detalle final del look. Confirma con LIHEN.CO el tono, acabado y disponibilidad de esta referencia.;Por confirmar;Por confirmar;Producto confirmado;maquillaje_de_labios;bloom_bloom_lumi_gloss;./assets/productos/BEAUTY_CARE/maquillaje_de_labios/bloom_bloom_lumi_gloss/bloom_bloom_lumi_gloss_0.webp|./assets/productos/BEAUTY_CARE/maquillaje_de_labios/bloom_bloom_lumi_gloss/bloom_bloom_lumi_gloss_1.webp;Sí;2
B73;;Activo;Sí;Beauty Care;Maquillaje de labios y mejillas / tinta hidratante;;Bloom Hydratint;Bloomshell;18000;Disponible / por confirmar;Bloom Hydratint de Bloomshell, producto para labios pensado para aportar color, brillo o definición según su formato específico. Puede integrarse fácilmente a un maquillaje diario o utilizarse como detalle final del look. Confirma con LIHEN.CO el tono, acabado y disponibilidad de esta referencia.;Por confirmar;Por confirmar;Producto confirmado;maquillaje_de_labios_y_mejillas;bloom_bloom_hydratint;./assets/productos/BEAUTY_CARE/maquillaje_de_labios_y_mejillas/bloom_bloom_hydratint/bloom_bloom_hydratint_0.webp|./assets/productos/BEAUTY_CARE/maquillaje_de_labios_y_mejillas/bloom_bloom_hydratint/bloom_bloom_hydratint_1.webp;Sí;2
B85;;Activo;Sí;Beauty Care;Maquillaje de ojos / pestañina o producto de rizado;;Bloom Amore Curl;Bloomshell;15000;Disponible / por confirmar;Bloom Amore Curl de Bloomshell, pestañina para destacar la mirada y complementar el maquillaje de ojos. Está pensada para definir visualmente las pestañas y acompañar distintos estilos de maquillaje, desde un acabado cotidiano hasta uno más intenso. Confirma con LIHEN.CO la referencia disponible antes de realizar tu pedido.;Por confirmar;Por confirmar;Producto confirmado;maquillaje_de_ojos;bloom_bloom_amore_curl;./assets/productos/BEAUTY_CARE/maquillaje_de_ojos/bloom_bloom_amore_curl/bloom_bloom_amore_curl_0.webp|./assets/productos/BEAUTY_CARE/maquillaje_de_ojos/bloom_bloom_amore_curl/bloom_bloom_amore_curl_1.webp;Sí;2
B70;;Activo;Sí;Beauty Care;Maquillaje de ojos / pestañina;;Pestañina Lash Waterproof;Bloomshell;25000;Disponible / por confirmar;Pestañina Lash Waterproof de Bloomshell, pestañina para destacar la mirada y complementar el maquillaje de ojos. Está pensada para definir visualmente las pestañas y acompañar distintos estilos de maquillaje, desde un acabado cotidiano hasta uno más intenso. Confirma con LIHEN.CO la referencia disponible antes de realizar tu pedido.;Por confirmar;Por confirmar;Producto confirmado;maquillaje_de_ojos;bloom_pestanina_lash_waterproof;./assets/productos/BEAUTY_CARE/maquillaje_de_ojos/bloom_pestanina_lash_waterproof/bloom_pestanina_lash_waterproof_0.webp|./assets/productos/BEAUTY_CARE/maquillaje_de_ojos/bloom_pestanina_lash_waterproof/bloom_pestanina_lash_waterproof_1.webp;Sí;2
B82;;Activo;Sí;Beauty Care;Maquillaje facial / papel matificante o polvo;;Bloom Powder Paper;Bloomshell;25000;Disponible / por confirmar;Bloom Powder Paper de Bloomshell, producto de maquillaje para aportar dimensión, color o acabado al rostro según su función dentro de la rutina. Permite complementar diferentes estilos de maquillaje sin necesidad de atribuirle beneficios ajenos a su categoría. Confirma tono, presentación y disponibilidad con LIHEN.CO.;Por confirmar;Por confirmar;Producto confirmado;maquillaje_facial;bloom_bloom_powder_paper;./assets/productos/BEAUTY_CARE/maquillaje_facial/bloom_bloom_powder_paper/bloom_bloom_powder_paper_0.webp|./assets/productos/BEAUTY_CARE/maquillaje_facial/bloom_bloom_powder_paper/bloom_bloom_powder_paper_1.webp;Sí;2
B69;;Activo;Sí;Beauty Care;Maquillaje facial / corrector;;Corrector Neutralizante Bloom;Bloomshell;25000;Disponible / por confirmar;Corrector Neutralizante Bloom de Bloomshell, corrector de maquillaje para complementar la preparación del rostro y trabajar un acabado más uniforme según la técnica de aplicación. Combínalo con el resto de tu rutina de maquillaje y confirma con LIHEN.CO que el tono disponible corresponda a lo que buscas.;Por confirmar;Por confirmar;Producto confirmado;maquillaje_facial;bloom_corrector_neutralizante_bloom;./assets/productos/BEAUTY_CARE/maquillaje_facial/bloom_corrector_neutralizante_bloom/bloom_corrector_neutralizante_bloom_0.webp|./assets/productos/BEAUTY_CARE/maquillaje_facial/bloom_corrector_neutralizante_bloom/bloom_corrector_neutralizante_bloom_1.webp;Sí;2
B74;;Activo;Sí;Beauty Care;Maquillaje facial / polvo compacto;;Polvo Compacto Bloom;Bloomshell;32000;Disponible / por confirmar;Polvo Compacto Bloom de Bloomshell, producto de maquillaje para aportar dimensión, color o acabado al rostro según su función dentro de la rutina. Permite complementar diferentes estilos de maquillaje sin necesidad de atribuirle beneficios ajenos a su categoría. Confirma tono, presentación y disponibilidad con LIHEN.CO.;Por confirmar;Por confirmar;Producto confirmado;maquillaje_facial;bloom_polvo_compacto_bloom;./assets/productos/BEAUTY_CARE/maquillaje_facial/bloom_polvo_compacto_bloom/bloom_polvo_compacto_bloom_0.webp|./assets/productos/BEAUTY_CARE/maquillaje_facial/bloom_polvo_compacto_bloom/bloom_polvo_compacto_bloom_1.webp;Sí;2
B83;;Activo;Sí;Beauty Care;Maquillaje o cuidado de labios / producto por confirmar;;Bloom Aqua Fruit;Bloomshell;19000;Disponible / por confirmar;Bloom Aqua Fruit de Bloomshell, referencia disponible en el catálogo de LIHEN.CO dentro de Maquillaje o cuidado de labios / producto por confirmar. La información pública se mantiene deliberadamente prudente cuando no existe una ficha oficial suficientemente específica. Revisa las fotografías disponibles y confirma presentación, variante y disponibilidad antes de realizar tu pedido.;Por confirmar;Por confirmar;Producto confirmado;maquillaje_o_cuidado_de_labios;bloom_bloom_aqua_fruit;./assets/productos/BEAUTY_CARE/maquillaje_o_cuidado_de_labios/bloom_bloom_aqua_fruit/bloom_bloom_aqua_fruit_0.webp|./assets/productos/BEAUTY_CARE/maquillaje_o_cuidado_de_labios/bloom_bloom_aqua_fruit/bloom_bloom_aqua_fruit_1.webp;Sí;2
B90;BC-043;Activo;Sí;Beauty Care;Maquillaje / labios;Lip;Lip duo tono SANGRIA;Destiny by La Segura;45000;Disponible;Dúo Lip Liner & Gloss Destiny by La Segura, ideal para lograr un acabado definido y luminoso. Incluye lip gloss de textura ligera con brillo sutil y un delineador de aplicación precisa que ayuda a perfilar y complementar el maquillaje de labios. Disponible en seis tonos.;Dúo;Fairy Dust, Berry Fondue, Litchi Honey, Sangria Kiss, Tropical Lust y Velvet Cherry;Nuevo ingreso;maquillaje_de_labios;duo_lip_liner_gloss_destiny;./assets/productos/BEAUTY_CARE/maquillaje_de_labios/duo_lip_liner_gloss_destiny/duo_lip_liner_gloss_destiny_0.webp|./assets/productos/BEAUTY_CARE/maquillaje_de_labios/duo_lip_liner_gloss_destiny/duo_lip_liner_gloss_destiny_1.webp;Sí;2
B112;BC-045;Activo;No;Beauty Care;Maquillaje / labios;Lip;Lip gloss tono FONDUE;Destiny by La Segura;30000;Disponible;"Lip Gloss Destiny en tono Berry Fondue, una referencia de brillo labial de textura ligera con acabado luminoso y toque de color. La marca indica una fórmula con aceites de macadamia, jojoba y girasol, además de escualano, pensada para dejar una sensación confortable. Puede usarse solo o sobre labial; confirma disponibilidad del tono Berry Fondue.";Por confirmar;Por confirmar;Consulta disponibilidad;;;;No;0
B113;BC-044;Activo;No;Beauty Care;Maquillaje / labios;Lip;Lip gloss tono HONEY;Destiny by La Segura;30000;Disponible;"Lip Gloss Destiny en tono Litchi Honey, una referencia de brillo labial de textura ligera con acabado luminoso y toque de color. La marca indica una fórmula con aceites de macadamia, jojoba y girasol, además de escualano, pensada para dejar una sensación confortable. Puede usarse solo o sobre labial; confirma disponibilidad del tono Litchi Honey.";Por confirmar;Por confirmar;Consulta disponibilidad;;;;No;0
B89;;Activo;Sí;Beauty Care;Maquillaje / labios;;Lip Gloss Destiny;Destiny by La Segura;29000;Disponible;Lip Gloss Destiny by La Segura con brillo intenso y acabado luminoso. Su textura ligera ayuda a mantener los labios con una sensación cómoda e hidratante, sin acabado pesado. Puede usarse solo o sobre el labial favorito y está disponible en seis tonos.;Unidad;Berry Fondue, Tropical Lust, Sangria Kiss, Velvet Cherry, Litchi Honey y Fairy Dust;Nuevo ingreso;maquillaje_de_labios;lip_gloss_destiny;./assets/productos/BEAUTY_CARE/maquillaje_de_labios/lip_gloss_destiny/lip_gloss_destiny_0.webp|./assets/productos/BEAUTY_CARE/maquillaje_de_labios/lip_gloss_destiny/lip_gloss_destiny_1.webp|./assets/productos/BEAUTY_CARE/maquillaje_de_labios/lip_gloss_destiny/lip_gloss_destiny_2.webp;Sí;3
B62;;Activo;Sí;Beauty Care;Cuidado corporal / bronceador;;Bronceador Coco;D'Luchi;45000;Disponible / por confirmar;Bronceador Coco de D'Luchi, producto de maquillaje para aportar dimensión, color o acabado al rostro según su función dentro de la rutina. Permite complementar diferentes estilos de maquillaje sin necesidad de atribuirle beneficios ajenos a su categoría. Confirma tono, presentación y disponibilidad con LIHEN.CO.;Por confirmar;Por confirmar;Producto confirmado;cuidado_corporal;d_luchi_bronceador_coco;./assets/productos/BEAUTY_CARE/cuidado_corporal/d_luchi_bronceador_coco/d_luchi_bronceador_coco_0.webp|./assets/productos/BEAUTY_CARE/cuidado_corporal/d_luchi_bronceador_coco/d_luchi_bronceador_coco_1.webp;Sí;2
B66;;Activo;Sí;Beauty Care;Cuidado corporal / bronceador;;Bronceador en Gel;D'Luchi;50000;Disponible / por confirmar;Bronceador en Gel de D'Luchi, producto de maquillaje para aportar dimensión, color o acabado al rostro según su función dentro de la rutina. Permite complementar diferentes estilos de maquillaje sin necesidad de atribuirle beneficios ajenos a su categoría. Confirma tono, presentación y disponibilidad con LIHEN.CO.;Por confirmar;Por confirmar;Producto confirmado;cuidado_corporal;d_luchi_bronceador_en_gel;./assets/productos/BEAUTY_CARE/cuidado_corporal/d_luchi_bronceador_en_gel/d_luchi_bronceador_en_gel_0.webp|./assets/productos/BEAUTY_CARE/cuidado_corporal/d_luchi_bronceador_en_gel/d_luchi_bronceador_en_gel_1.webp;Sí;2
B61;;Activo;Sí;Beauty Care;Cuidado corporal / bronceador;;Bronceador Zanahoria;D'Luchi;45000;Disponible / por confirmar;Bronceador Zanahoria de D'Luchi, producto de maquillaje para aportar dimensión, color o acabado al rostro según su función dentro de la rutina. Permite complementar diferentes estilos de maquillaje sin necesidad de atribuirle beneficios ajenos a su categoría. Confirma tono, presentación y disponibilidad con LIHEN.CO.;Por confirmar;Por confirmar;Producto confirmado;cuidado_corporal;d_luchi_bronceador_zanahoria;./assets/productos/BEAUTY_CARE/cuidado_corporal/d_luchi_bronceador_zanahoria/d_luchi_bronceador_zanahoria_0.webp|./assets/productos/BEAUTY_CARE/cuidado_corporal/d_luchi_bronceador_zanahoria/d_luchi_bronceador_zanahoria_1.webp;Sí;2
B65;;Activo;Sí;Beauty Care;Cuidado corporal / gel;;Gel de Aloe Vera;D'Luchi;50000;Disponible / por confirmar;Gel de Aloe Vera de D'Luchi, producto de cuidado personal pensado para integrarse de forma práctica a la rutina según su categoría y presentación. La experiencia y función específica dependen de la fórmula de esta referencia, por lo que conviene revisar el envase y seguir las indicaciones del fabricante. Confirma disponibilidad con LIHEN.CO.;Por confirmar;Por confirmar;Producto confirmado;cuidado_corporal;d_luchi_gel_de_aloe_vera;./assets/productos/BEAUTY_CARE/cuidado_corporal/d_luchi_gel_de_aloe_vera/d_luchi_gel_de_aloe_vera_0.webp|./assets/productos/BEAUTY_CARE/cuidado_corporal/d_luchi_gel_de_aloe_vera/d_luchi_gel_de_aloe_vera_1.webp;Sí;2
B63;;Activo;Sí;Beauty Care;Cuidado corporal / loción;;Loción de Oro;D'Luchi;15000;Disponible / por confirmar;Loción de Oro de D'Luchi, referencia disponible en el catálogo de LIHEN.CO dentro de Cuidado corporal / loción. La información pública se mantiene deliberadamente prudente cuando no existe una ficha oficial suficientemente específica. Revisa las fotografías disponibles y confirma presentación, variante y disponibilidad antes de realizar tu pedido.;Por confirmar;Por confirmar;Producto confirmado;cuidado_corporal;d_luchi_locion_de_oro;./assets/productos/BEAUTY_CARE/cuidado_corporal/d_luchi_locion_de_oro/d_luchi_locion_de_oro_0.webp|./assets/productos/BEAUTY_CARE/cuidado_corporal/d_luchi_locion_de_oro/d_luchi_locion_de_oro_1.webp;Sí;2
B64;;Activo;Sí;Beauty Care;Cuidado corporal / mantequilla;;Mantequilla Corporal;D'Luchi;50000;Disponible / por confirmar;Mantequilla Corporal de D'Luchi, producto de cuidado personal pensado para integrarse de forma práctica a la rutina según su categoría y presentación. La experiencia y función específica dependen de la fórmula de esta referencia, por lo que conviene revisar el envase y seguir las indicaciones del fabricante. Confirma disponibilidad con LIHEN.CO.;Por confirmar;Por confirmar;Producto confirmado;cuidado_corporal;d_luchi_mantequilla_corporal;./assets/productos/BEAUTY_CARE/cuidado_corporal/d_luchi_mantequilla_corporal/d_luchi_mantequilla_corporal_0.webp|./assets/productos/BEAUTY_CARE/cuidado_corporal/d_luchi_mantequilla_corporal/d_luchi_mantequilla_corporal_1.webp;Sí;2
B86;;Activo;Sí;Beauty Care;Cuidado facial / kit de skincare;;Kit Girly Aloe Vera;Girly by Luisa Palacio;140000;Disponible;Kit Girly Aloe Vera con una rutina completa para limpiar, hidratar y cuidar la piel diariamente. Incluye limpiador facial, tónico facial, sérum facial, contorno de ojos y gel hidratante. Su fórmula con aloe vera ayuda a mantener el rostro fresco, suave y con una apariencia saludable. Ideal para una rutina de skincare práctica y completa.;Kit de 5 productos;No aplica;Nuevo ingreso;cuidado_facial;kit_girly_aloe_vera;./assets/productos/BEAUTY_CARE/cuidado_facial/kit_girly_aloe_vera/kit_girly_aloe_vera_0.webp|./assets/productos/BEAUTY_CARE/cuidado_facial/kit_girly_aloe_vera/kit_girly_aloe_vera_1.webp;Sí;2
B117;BC-037;Activo;No;Beauty Care;Maquillaje / labios;Lip;Lip line RED;Girly by Luisa Palacio;14000;Disponible;Lip line RED de Girly by Luisa Palacio, producto para labios pensado para aportar color, brillo o definición según su formato específico. Puede integrarse fácilmente a un maquillaje diario o utilizarse como detalle final del look. Confirma con LIHEN.CO el tono, acabado y disponibilidad de esta referencia.;Por confirmar;Por confirmar;Consulta disponibilidad;;;;No;0
B118;BC-038;Activo;No;Beauty Care;Maquillaje / labios;Lip;Lip liner LOVER;Girly by Luisa Palacio;14000;Disponible / por confirmar;Lip liner LOVER de Girly by Luisa Palacio, producto para labios pensado para aportar color, brillo o definición según su formato específico. Puede integrarse fácilmente a un maquillaje diario o utilizarse como detalle final del look. Confirma con LIHEN.CO el tono, acabado y disponibilidad de esta referencia.;Por confirmar;Por confirmar;Consulta disponibilidad;;;;No;0
B119;BC-039;Activo;No;Beauty Care;Maquillaje / labios;Lip;Lip liner MAROON;Girly by Luisa Palacio;14000;Disponible;Lip liner MAROON de Girly by Luisa Palacio, producto para labios pensado para aportar color, brillo o definición según su formato específico. Puede integrarse fácilmente a un maquillaje diario o utilizarse como detalle final del look. Confirma con LIHEN.CO el tono, acabado y disponibilidad de esta referencia.;Por confirmar;Por confirmar;Consulta disponibilidad;;;;No;0
B120;BC-030;Activo;No;Beauty Care;Maquillaje / ojos;Brocha;Brocha para cejas;Glow;6000;Disponible;Brocha para cejas de Glow, accesorio de belleza pensado para facilitar tareas de aplicación, difuminado o arreglo dentro de la rutina personal, según el tipo de herramienta. Su formato práctico permite complementar los productos que ya utilizas. Revisa la referencia y confirma disponibilidad con LIHEN.CO.;Por confirmar;Por confirmar;Consulta disponibilidad;;;;No;0
B50;;Activo;Sí;Beauty Care;Cuidado capilar / acondicionador;;Acondicionador Kaba;Kaba;40000;Disponible / por confirmar;"Acondicionador Kaba de Kaba, producto de cuidado capilar para complementar la rutina según su tipo y presentación específica. La función concreta depende de la fórmula indicada por la marca; revisa el envase y sigue sus instrucciones de uso. Confirma con LIHEN.CO la referencia disponible antes de realizar tu pedido.";Por confirmar;Por confirmar;Producto confirmado;cuidado_capilar;kaba_acondicionador_kaba;./assets/productos/BEAUTY_CARE/cuidado_capilar/kaba_acondicionador_kaba/kaba_acondicionador_kaba_0.webp|./assets/productos/BEAUTY_CARE/cuidado_capilar/kaba_acondicionador_kaba/kaba_acondicionador_kaba_1.webp;Sí;2
B51;;Activo;Sí;Beauty Care;Cuidado capilar / mascarilla;;Biomascarilla Kaba;Kaba;45000;Disponible / por confirmar;Biomascarilla Kaba de Kaba, mascarilla para complementar la rutina de cuidado según la fórmula y presentación específica de la referencia. Es una opción práctica para dedicar un paso adicional al cuidado personal. Como los beneficios pueden variar entre versiones, confirma con LIHEN.CO la variante disponible y revisa las indicaciones del fabricante.;Por confirmar;Por confirmar;Producto confirmado;cuidado_capilar;kaba_biomascarilla_kaba;./assets/productos/BEAUTY_CARE/cuidado_capilar/kaba_biomascarilla_kaba/kaba_biomascarilla_kaba_0.webp|./assets/productos/BEAUTY_CARE/cuidado_capilar/kaba_biomascarilla_kaba/kaba_biomascarilla_kaba_1.webp;Sí;2
B52;;Activo;Sí;Beauty Care;Cuidado capilar / tratamiento;;Repolarizador Kaba;Kaba;50000;Disponible / por confirmar;"Repolarizador Kaba de Kaba, producto de cuidado capilar para complementar la rutina según su tipo y presentación específica. La función concreta depende de la fórmula indicada por la marca; revisa el envase y sigue sus instrucciones de uso. Confirma con LIHEN.CO la referencia disponible antes de realizar tu pedido.";Por confirmar;Por confirmar;Producto confirmado;cuidado_capilar;kaba_repolarizador_kaba;./assets/productos/BEAUTY_CARE/cuidado_capilar/kaba_repolarizador_kaba/kaba_repolarizador_kaba_0.webp|./assets/productos/BEAUTY_CARE/cuidado_capilar/kaba_repolarizador_kaba/kaba_repolarizador_kaba_1.webp;Sí;2
B49;;Activo;Sí;Beauty Care;Cuidado capilar / shampoo;;Shampoo Kaba;Kaba;45000;Disponible / por confirmar;"Shampoo Kaba de Kaba, producto de cuidado capilar para complementar la rutina según su tipo y presentación específica. La función concreta depende de la fórmula indicada por la marca; revisa el envase y sigue sus instrucciones de uso. Confirma con LIHEN.CO la referencia disponible antes de realizar tu pedido.";Por confirmar;Por confirmar;Producto confirmado;cuidado_capilar;kaba_shampoo_kaba;./assets/productos/BEAUTY_CARE/cuidado_capilar/kaba_shampoo_kaba/kaba_shampoo_kaba_0.webp|./assets/productos/BEAUTY_CARE/cuidado_capilar/kaba_shampoo_kaba/kaba_shampoo_kaba_1.webp;Sí;2
B53;;Activo;Sí;Beauty Care;Cuidado capilar / tónico;;Tónico de Crecimiento Kaba;Kaba;45000;Disponible / por confirmar;"Tónico de Crecimiento Kaba de Kaba, producto de cuidado capilar para complementar la rutina según su tipo y presentación específica. La función concreta depende de la fórmula indicada por la marca; revisa el envase y sigue sus instrucciones de uso. Confirma con LIHEN.CO la referencia disponible antes de realizar tu pedido.";Por confirmar;Por confirmar;Producto confirmado;cuidado_capilar;kaba_tonico_de_crecimiento_kaba;./assets/productos/BEAUTY_CARE/cuidado_capilar/kaba_tonico_de_crecimiento_kaba/kaba_tonico_de_crecimiento_kaba_0.webp|./assets/productos/BEAUTY_CARE/cuidado_capilar/kaba_tonico_de_crecimiento_kaba/kaba_tonico_de_crecimiento_kaba_1.webp;Sí;2
B54;;Activo;Sí;Beauty Care;Cuidado facial / loción;;Loción Astringente Kaba;Kaba;60000;Disponible / por confirmar;Loción Astringente Kaba de Kaba, referencia disponible en el catálogo de LIHEN.CO dentro de Cuidado facial / loción. La información pública se mantiene deliberadamente prudente cuando no existe una ficha oficial suficientemente específica. Revisa las fotografías disponibles y confirma presentación, variante y disponibilidad antes de realizar tu pedido.;Por confirmar;Por confirmar;Producto confirmado;cuidado_facial;kaba_locion_astringente_kaba;./assets/productos/BEAUTY_CARE/cuidado_facial/kaba_locion_astringente_kaba/kaba_locion_astringente_kaba_0.webp|./assets/productos/BEAUTY_CARE/cuidado_facial/kaba_locion_astringente_kaba/kaba_locion_astringente_kaba_1.webp;Sí;2
B123;BC-050;Activo;No;Beauty Care;Skincare / rostro;Papelitos;Papelitos de arroz;Karité;2500;Disponible;Papelitos de arroz de Karité, referencia disponible en el catálogo de LIHEN.CO dentro de Skincare / rostro. La información pública se mantiene deliberadamente prudente cuando no existe una ficha oficial suficientemente específica. Revisa las fotografías disponibles y confirma presentación, variante y disponibilidad antes de realizar tu pedido.;Por confirmar;Por confirmar;Consulta disponibilidad;;;;No;0
B124;BC-051;Activo;No;Beauty Care;Skincare / rostro;Mascarilla;Mascarilla coreana hidrogel;KOEC;16000;Disponible;Mascarilla coreana hidrogel de KOEC, mascarilla para complementar la rutina de cuidado según la fórmula y presentación específica de la referencia. Es una opción práctica para dedicar un paso adicional al cuidado personal. Como los beneficios pueden variar entre versiones, confirma con LIHEN.CO la variante disponible y revisa las indicaciones del fabricante.;Por confirmar;Por confirmar;Consulta disponibilidad;;;;No;0
B59;;Activo;Sí;Beauty Care;Cuidado capilar / gotas;;Gotas Aceite reparador de puntas;La Receta CBD;35000;Disponible / por confirmar;"Gotas Aceite reparador de puntas de La Receta CBD, producto de cuidado capilar para complementar la rutina según su tipo y presentación específica. La función concreta depende de la fórmula indicada por la marca; revisa el envase y sigue sus instrucciones de uso. Confirma con LIHEN.CO la referencia disponible antes de realizar tu pedido.";Por confirmar;Por confirmar;Producto confirmado;cuidado_capilar;la_receta_cbd_gotas_cbd;./assets/productos/BEAUTY_CARE/cuidado_capilar/la_receta_cbd_gotas_cbd/la_receta_cbd_gotas_cbd_0.webp|./assets/productos/BEAUTY_CARE/cuidado_capilar/la_receta_cbd_gotas_cbd/la_receta_cbd_gotas_cbd_1.webp;Sí;2
B58;;Activo;Sí;Beauty Care;Cuidado capilar / shampoo;;Shampoo Anticaspa;La Receta CBD;50000;Disponible / por confirmar;"Shampoo Anticaspa de La Receta CBD, producto de cuidado capilar para complementar la rutina según su tipo y presentación específica. La función concreta depende de la fórmula indicada por la marca; revisa el envase y sigue sus instrucciones de uso. Confirma con LIHEN.CO la referencia disponible antes de realizar tu pedido.";Por confirmar;Por confirmar;Producto confirmado;cuidado_capilar;la_receta_cbd_shampoo_anticaspa;./assets/productos/BEAUTY_CARE/cuidado_capilar/la_receta_cbd_shampoo_anticaspa/la_receta_cbd_shampoo_anticaspa_0.webp|./assets/productos/BEAUTY_CARE/cuidado_capilar/la_receta_cbd_shampoo_anticaspa/la_receta_cbd_shampoo_anticaspa_1.webp;Sí;2
B56;;Activo;Sí;Beauty Care;Cuidado capilar / shampoo;;Shampoo Argán;La Receta CBD;40000;Disponible / por confirmar;"Shampoo Argán de La Receta CBD, producto de cuidado capilar para complementar la rutina según su tipo y presentación específica. La función concreta depende de la fórmula indicada por la marca; revisa el envase y sigue sus instrucciones de uso. Confirma con LIHEN.CO la referencia disponible antes de realizar tu pedido.";Por confirmar;Por confirmar;Producto confirmado;cuidado_capilar;la_receta_cbd_shampoo_argan;./assets/productos/BEAUTY_CARE/cuidado_capilar/la_receta_cbd_shampoo_argan/la_receta_cbd_shampoo_argan_0.webp|./assets/productos/BEAUTY_CARE/cuidado_capilar/la_receta_cbd_shampoo_argan/la_receta_cbd_shampoo_argan_1.webp;Sí;2
B55;;Activo;Sí;Beauty Care;Cuidado capilar / shampoo;;Shampoo Romero;La Receta CBD;50000;Disponible / por confirmar;"Shampoo Romero de La Receta CBD, producto de cuidado capilar para complementar la rutina según su tipo y presentación específica. La función concreta depende de la fórmula indicada por la marca; revisa el envase y sigue sus instrucciones de uso. Confirma con LIHEN.CO la referencia disponible antes de realizar tu pedido.";Por confirmar;Por confirmar;Producto confirmado;cuidado_capilar;la_receta_cbd_shampoo_romero;./assets/productos/BEAUTY_CARE/cuidado_capilar/la_receta_cbd_shampoo_romero/la_receta_cbd_shampoo_romero_0.webp|./assets/productos/BEAUTY_CARE/cuidado_capilar/la_receta_cbd_shampoo_romero/la_receta_cbd_shampoo_romero_1.webp;Sí;2
B60;;Activo;Sí;Beauty Care;Cuidado capilar / tónico;;Tónico Anticaída;La Receta CBD;50000;Disponible / por confirmar;"Tónico Anticaída de La Receta CBD, producto de cuidado capilar para complementar la rutina según su tipo y presentación específica. La función concreta depende de la fórmula indicada por la marca; revisa el envase y sigue sus instrucciones de uso. Confirma con LIHEN.CO la referencia disponible antes de realizar tu pedido.";Por confirmar;Por confirmar;Producto confirmado;cuidado_capilar;la_receta_cbd_tonico_anticaida;./assets/productos/BEAUTY_CARE/cuidado_capilar/la_receta_cbd_tonico_anticaida/la_receta_cbd_tonico_anticaida_0.webp|./assets/productos/BEAUTY_CARE/cuidado_capilar/la_receta_cbd_tonico_anticaida/la_receta_cbd_tonico_anticaida_1.webp;Sí;2
B125;BC-041;Activo;No;Beauty Care;Cuidado / corporal;Decolorante;Color de verano;Lampiña;14000;Disponible / por confirmar;Color de verano de Lampiña, referencia de cuidado corporal/decoloración disponible en el catálogo de LIHEN.CO. Por tratarse de un producto cuyo uso depende de su fórmula y advertencias, revisa cuidadosamente el empaque y sigue exclusivamente las instrucciones del fabricante. Confirma presentación y disponibilidad antes de realizar tu pedido.;Por confirmar;Por confirmar;Consulta disponibilidad;;;;No;0
S50;;Activo;Sí;Style;Ropa deportiva / faja;;Chaleco Extremo;LIHEN.CO;114000;Disponible / por confirmar;"Chaleco Extremo de LIHEN.CO, una prenda pensada para sumar versatilidad al guardarropa y adaptarse a diferentes combinaciones. La ficha conserva únicamente características confirmadas del catálogo; revisa las fotografías y confirma con LIHEN.CO talla, color y disponibilidad para elegir la referencia adecuada.";Por confirmar;Por confirmar;Producto confirmado;cinturillas;chaleco_extremo;./assets/productos/STYLE/cinturillas/chaleco_extremo/chaleco_extremo_0.webp|./assets/productos/STYLE/cinturillas/chaleco_extremo/chaleco_extremo_1.webp;Sí;2
S48;;Activo;Sí;Style;Ropa deportiva / faja;;Chaleco tira brasier Látex;LIHEN.CO;84000;Disponible / por confirmar;"Chaleco tira brasier Látex de LIHEN.CO, una prenda pensada para sumar versatilidad al guardarropa y adaptarse a diferentes combinaciones. La ficha conserva únicamente características confirmadas del catálogo; revisa las fotografías y confirma con LIHEN.CO talla, color y disponibilidad para elegir la referencia adecuada.";Por confirmar;Por confirmar;Producto confirmado;cinturillas;chaleco_tira_brasier_latex;./assets/productos/STYLE/cinturillas/chaleco_tira_brasier_latex/chaleco_tira_brasier_latex_0.webp|./assets/productos/STYLE/cinturillas/chaleco_tira_brasier_latex/chaleco_tira_brasier_latex_1.webp;Sí;2
S49;;Activo;Sí;Style;Ropa deportiva / faja;;Cinturilla Extrema;LIHEN.CO;91500;Disponible / por confirmar;"Cinturilla Extrema de LIHEN.CO, una prenda pensada para sumar versatilidad al guardarropa y adaptarse a diferentes combinaciones. La ficha conserva únicamente características confirmadas del catálogo; revisa las fotografías y confirma con LIHEN.CO talla, color y disponibilidad para elegir la referencia adecuada.";Por confirmar;Por confirmar;Producto confirmado;cinturillas;cinturilla_extrema;./assets/productos/STYLE/cinturillas/cinturilla_extrema/cinturilla_extrema_0.webp|./assets/productos/STYLE/cinturillas/cinturilla_extrema/cinturilla_extrema_1.webp;Sí;2
S46;;Activo;Sí;Style;Ropa deportiva / faja;;Cinturilla Látex;LIHEN.CO;61000;Disponible / por confirmar;"Cinturilla Látex de LIHEN.CO, una prenda pensada para sumar versatilidad al guardarropa y adaptarse a diferentes combinaciones. La ficha conserva únicamente características confirmadas del catálogo; revisa las fotografías y confirma con LIHEN.CO talla, color y disponibilidad para elegir la referencia adecuada.";Por confirmar;Por confirmar;Producto confirmado;cinturillas;cinturilla_latex;./assets/productos/STYLE/cinturillas/cinturilla_latex/cinturilla_latex_0.webp|./assets/productos/STYLE/cinturillas/cinturilla_latex/cinturilla_latex_1.webp;Sí;2
S47;;Activo;Sí;Style;Ropa deportiva / faja;;Cinturilla Magic Látex;LIHEN.CO;61000;Disponible / por confirmar;"Cinturilla Magic Látex de LIHEN.CO, una prenda pensada para sumar versatilidad al guardarropa y adaptarse a diferentes combinaciones. La ficha conserva únicamente características confirmadas del catálogo; revisa las fotografías y confirma con LIHEN.CO talla, color y disponibilidad para elegir la referencia adecuada.";Por confirmar;Por confirmar;Producto confirmado;cinturillas;cinturilla_magic_latex;./assets/productos/STYLE/cinturillas/cinturilla_magic_latex/cinturilla_magic_latex_0.webp|./assets/productos/STYLE/cinturillas/cinturilla_magic_latex/cinturilla_magic_latex_1.webp;Sí;2
S27;;Activo;Sí;Style;Ropa deportiva / enterizo largo;;Enterizo Any 2 largo suplex;LIHEN.CO;72000;Disponible / por confirmar;"Enterizo Any 2 largo suplex de LIHEN.CO, una prenda pensada para sumar versatilidad al guardarropa y adaptarse a diferentes combinaciones. La ficha conserva únicamente características confirmadas del catálogo; revisa las fotografías y confirma con LIHEN.CO talla, color y disponibilidad para elegir la referencia adecuada.";Por confirmar;Por confirmar;Producto confirmado;enterizos;enterizo_any_2_largo_suplex;./assets/productos/STYLE/enterizos/enterizo_any_2_largo_suplex/enterizo_any_2_largo_suplex_0.webp;Sí;1
S25;;Activo;Sí;Style;Ropa deportiva / enterizo corto;;Enterizo Any push up corto suplex;LIHEN.CO;61500;Disponible / por confirmar;"Enterizo Any push up corto suplex de LIHEN.CO, una prenda pensada para sumar versatilidad al guardarropa y adaptarse a diferentes combinaciones. La ficha conserva únicamente características confirmadas del catálogo; revisa las fotografías y confirma con LIHEN.CO talla, color y disponibilidad para elegir la referencia adecuada.";Por confirmar;Por confirmar;Producto confirmado;enterizos;enterizo_any_push_up_corto_suplex;./assets/productos/STYLE/enterizos/enterizo_any_push_up_corto_suplex/enterizo_any_push_up_corto_suplex_0.webp|./assets/productos/STYLE/enterizos/enterizo_any_push_up_corto_suplex/enterizo_any_push_up_corto_suplex_1.webp|./assets/productos/STYLE/enterizos/enterizo_any_push_up_corto_suplex/enterizo_any_push_up_corto_suplex_2.webp|./assets/productos/STYLE/enterizos/enterizo_any_push_up_corto_suplex/enterizo_any_push_up_corto_suplex_3.webp;Sí;4
S23;;Activo;Sí;Style;Ropa deportiva / enterizo corto;;Enterizo Danna push up corto suplex;LIHEN.CO;61500;Disponible / por confirmar;"Enterizo Danna push up corto suplex de LIHEN.CO, una prenda pensada para sumar versatilidad al guardarropa y adaptarse a diferentes combinaciones. La ficha conserva únicamente características confirmadas del catálogo; revisa las fotografías y confirma con LIHEN.CO talla, color y disponibilidad para elegir la referencia adecuada.";Por confirmar;Por confirmar;Producto confirmado;enterizos;enterizo_danna_push_up_corto_suplex;./assets/productos/STYLE/enterizos/enterizo_danna_push_up_corto_suplex/enterizo_danna_push_up_corto_suplex_0.webp|./assets/productos/STYLE/enterizos/enterizo_danna_push_up_corto_suplex/enterizo_danna_push_up_corto_suplex_1.webp|./assets/productos/STYLE/enterizos/enterizo_danna_push_up_corto_suplex/enterizo_danna_push_up_corto_suplex_2.webp|./assets/productos/STYLE/enterizos/enterizo_danna_push_up_corto_suplex/enterizo_danna_push_up_corto_suplex_3.webp|./assets/productos/STYLE/enterizos/enterizo_danna_push_up_corto_suplex/enterizo_danna_push_up_corto_suplex_4.webp;Sí;5
S28;;Activo;Sí;Style;Ropa deportiva / enterizo largo;;Enterizo Frida 2 push up largo suplex;LIHEN.CO;75000;Disponible / por confirmar;"Enterizo Frida 2 push up largo suplex de LIHEN.CO, una prenda pensada para sumar versatilidad al guardarropa y adaptarse a diferentes combinaciones. La ficha conserva únicamente características confirmadas del catálogo; revisa las fotografías y confirma con LIHEN.CO talla, color y disponibilidad para elegir la referencia adecuada.";Por confirmar;Por confirmar;Producto confirmado;enterizos;enterizo_frida_2_push_up_largo_suplex;./assets/productos/STYLE/enterizos/enterizo_frida_2_push_up_largo_suplex/enterizo_frida_2_push_up_largo_suplex_0.webp|./assets/productos/STYLE/enterizos/enterizo_frida_2_push_up_largo_suplex/enterizo_frida_2_push_up_largo_suplex_1.webp|./assets/productos/STYLE/enterizos/enterizo_frida_2_push_up_largo_suplex/enterizo_frida_2_push_up_largo_suplex_2.webp|./assets/productos/STYLE/enterizos/enterizo_frida_2_push_up_largo_suplex/enterizo_frida_2_push_up_largo_suplex_3.webp|./assets/productos/STYLE/enterizos/enterizo_frida_2_push_up_largo_suplex/enterizo_frida_2_push_up_largo_suplex_4.webp|./assets/productos/STYLE/enterizos/enterizo_frida_2_push_up_largo_suplex/enterizo_frida_2_push_up_largo_suplex_5.webp|./assets/productos/STYLE/enterizos/enterizo_frida_2_push_up_largo_suplex/enterizo_frida_2_push_up_largo_suplex_6.webp;Sí;7
S26;;Activo;Sí;Style;Ropa deportiva / enterizo corto;;Enterizo Fryda corto suplex;LIHEN.CO;61500;Disponible / por confirmar;"Enterizo Fryda corto suplex de LIHEN.CO, una prenda pensada para sumar versatilidad al guardarropa y adaptarse a diferentes combinaciones. La ficha conserva únicamente características confirmadas del catálogo; revisa las fotografías y confirma con LIHEN.CO talla, color y disponibilidad para elegir la referencia adecuada.";Por confirmar;Por confirmar;Producto confirmado;enterizos;enterizo_fryda_corto_suplex;./assets/productos/STYLE/enterizos/enterizo_fryda_corto_suplex/enterizo_fryda_corto_suplex_0.webp|./assets/productos/STYLE/enterizos/enterizo_fryda_corto_suplex/enterizo_fryda_corto_suplex_1.webp;Sí;2
S34;;Activo;Sí;Style;Ropa deportiva / enterizo largo;;Enterizo Jenny largo suplex;LIHEN.CO;64500;Disponible / por confirmar;"Enterizo Jenny largo suplex de LIHEN.CO, una prenda pensada para sumar versatilidad al guardarropa y adaptarse a diferentes combinaciones. La ficha conserva únicamente características confirmadas del catálogo; revisa las fotografías y confirma con LIHEN.CO talla, color y disponibilidad para elegir la referencia adecuada.";Por confirmar;Por confirmar;Producto confirmado;enterizos;enterizo_jenny_largo_suplex;./assets/productos/STYLE/enterizos/enterizo_jenny_largo_suplex/enterizo_jenny_largo_suplex_0.webp|./assets/productos/STYLE/enterizos/enterizo_jenny_largo_suplex/enterizo_jenny_largo_suplex_1.webp;Sí;2
S33;;Activo;Sí;Style;Ropa deportiva / enterizo largo;;Enterizo largo bota campana suplex;LIHEN.CO;112500;Disponible / por confirmar;"Enterizo largo bota campana suplex de LIHEN.CO, una prenda pensada para sumar versatilidad al guardarropa y adaptarse a diferentes combinaciones. La ficha conserva únicamente características confirmadas del catálogo; revisa las fotografías y confirma con LIHEN.CO talla, color y disponibilidad para elegir la referencia adecuada.";Por confirmar;Por confirmar;Producto confirmado;enterizos;enterizo_largo_bota_campana_suplex;./assets/productos/STYLE/enterizos/enterizo_largo_bota_campana_suplex/enterizo_largo_bota_campana_suplex_0.webp|./assets/productos/STYLE/enterizos/enterizo_largo_bota_campana_suplex/enterizo_largo_bota_campana_suplex_1.webp;Sí;2
S29;;Activo;Sí;Style;Ropa deportiva / enterizo largo;;Enterizo Lina push up largo suplex;LIHEN.CO;72000;Disponible / por confirmar;"Enterizo Lina push up largo suplex de LIHEN.CO, una prenda pensada para sumar versatilidad al guardarropa y adaptarse a diferentes combinaciones. La ficha conserva únicamente características confirmadas del catálogo; revisa las fotografías y confirma con LIHEN.CO talla, color y disponibilidad para elegir la referencia adecuada.";Por confirmar;Por confirmar;Producto confirmado;enterizos;enterizo_lina_push_up_largo_suplex;./assets/productos/STYLE/enterizos/enterizo_lina_push_up_largo_suplex/enterizo_lina_push_up_largo_suplex_0.webp|./assets/productos/STYLE/enterizos/enterizo_lina_push_up_largo_suplex/enterizo_lina_push_up_largo_suplex_1.webp;Sí;2
S31;;Activo;Sí;Style;Ropa deportiva / enterizo largo;;Enterizo Lupita push up largo;LIHEN.CO;67500;Disponible / por confirmar;"Enterizo Lupita push up largo de LIHEN.CO, una prenda pensada para sumar versatilidad al guardarropa y adaptarse a diferentes combinaciones. La ficha conserva únicamente características confirmadas del catálogo; revisa las fotografías y confirma con LIHEN.CO talla, color y disponibilidad para elegir la referencia adecuada.";Por confirmar;Por confirmar;Producto confirmado;enterizos;enterizo_lupita_push_up_largo;./assets/productos/STYLE/enterizos/enterizo_lupita_push_up_largo/enterizo_lupita_push_up_largo_0.webp|./assets/productos/STYLE/enterizos/enterizo_lupita_push_up_largo/enterizo_lupita_push_up_largo_1.webp;Sí;2
S30;;Activo;Sí;Style;Ropa deportiva / enterizo largo;;Enterizo Lupita push up largo bota ancha;LIHEN.CO;72000;Disponible / por confirmar;"Enterizo Lupita push up largo bota ancha de LIHEN.CO, una prenda pensada para sumar versatilidad al guardarropa y adaptarse a diferentes combinaciones. La ficha conserva únicamente características confirmadas del catálogo; revisa las fotografías y confirma con LIHEN.CO talla, color y disponibilidad para elegir la referencia adecuada.";Por confirmar;Por confirmar;Producto confirmado;enterizos;enterizo_lupita_push_up_largo_bota_ancha;./assets/productos/STYLE/enterizos/enterizo_lupita_push_up_largo_bota_ancha/enterizo_lupita_push_up_largo_bota_ancha_0.webp|./assets/productos/STYLE/enterizos/enterizo_lupita_push_up_largo_bota_ancha/enterizo_lupita_push_up_largo_bota_ancha_1.webp;Sí;2
S24;;Activo;Sí;Style;Ropa deportiva / enterizo corto;;Enterizo Roma push up corto suplex;LIHEN.CO;61500;Disponible / por confirmar;"Enterizo Roma push up corto suplex de LIHEN.CO, una prenda pensada para sumar versatilidad al guardarropa y adaptarse a diferentes combinaciones. La ficha conserva únicamente características confirmadas del catálogo; revisa las fotografías y confirma con LIHEN.CO talla, color y disponibilidad para elegir la referencia adecuada.";Por confirmar;Por confirmar;Producto confirmado;enterizos;enterizo_roma_push_up_corto_suplex;./assets/productos/STYLE/enterizos/enterizo_roma_push_up_corto_suplex/enterizo_roma_push_up_corto_suplex_0.webp|./assets/productos/STYLE/enterizos/enterizo_roma_push_up_corto_suplex/enterizo_roma_push_up_corto_suplex_1.webp;Sí;2
S32;;Activo;Sí;Style;Ropa deportiva / enterizo largo;;Enterizo Roma push up largo bota ancha suplex;LIHEN.CO;72000;Disponible / por confirmar;"Enterizo Roma push up largo bota ancha suplex de LIHEN.CO, una prenda pensada para sumar versatilidad al guardarropa y adaptarse a diferentes combinaciones. La ficha conserva únicamente características confirmadas del catálogo; revisa las fotografías y confirma con LIHEN.CO talla, color y disponibilidad para elegir la referencia adecuada.";Por confirmar;Por confirmar;Producto confirmado;enterizos;enterizo_roma_push_up_largo_bota_ancha_suplex;./assets/productos/STYLE/enterizos/enterizo_roma_push_up_largo_bota_ancha_suplex/enterizo_roma_push_up_largo_bota_ancha_suplex_0.webp|./assets/productos/STYLE/enterizos/enterizo_roma_push_up_largo_bota_ancha_suplex/enterizo_roma_push_up_largo_bota_ancha_suplex_1.webp;Sí;2
S22;;Activo;Sí;Style;Ropa deportiva / enterizo corto;;Enterizo Sandy corto suplex;LIHEN.CO;78000;Disponible / por confirmar;"Enterizo Sandy corto suplex de LIHEN.CO, una prenda pensada para sumar versatilidad al guardarropa y adaptarse a diferentes combinaciones. La ficha conserva únicamente características confirmadas del catálogo; revisa las fotografías y confirma con LIHEN.CO talla, color y disponibilidad para elegir la referencia adecuada.";Por confirmar;Por confirmar;Producto confirmado;enterizos;enterizo_sandy_corto_suplex;./assets/productos/STYLE/enterizos/enterizo_sandy_corto_suplex/enterizo_sandy_corto_suplex_0.webp|./assets/productos/STYLE/enterizos/enterizo_sandy_corto_suplex/enterizo_sandy_corto_suplex_1.webp;Sí;2
S45;;Activo;Sí;Style;Ropa deportiva / chaqueta mujer;;Chaqueta importada dama sin capucha;LIHEN.CO;87000;Disponible / por confirmar;"Chaqueta importada dama sin capucha de LIHEN.CO, una prenda pensada para sumar versatilidad al guardarropa y adaptarse a diferentes combinaciones. La ficha conserva únicamente características confirmadas del catálogo; revisa las fotografías y confirma con LIHEN.CO talla, color y disponibilidad para elegir la referencia adecuada.";Por confirmar;Por confirmar;Producto confirmado;ropa_deportiva;chaqueta_importada_dama_sin_capucha;./assets/productos/STYLE/ropa_deportiva/chaqueta_importada_dama_sin_capucha/chaqueta_importada_dama_sin_capucha_0.webp;Sí;1
S43;;Activo;Sí;Style;Ropa deportiva / chaqueta mujer;;Chaqueta manga larga Capriati;LIHEN.CO;28500;Disponible / por confirmar;"Chaqueta manga larga Capriati de LIHEN.CO, una prenda pensada para sumar versatilidad al guardarropa y adaptarse a diferentes combinaciones. La ficha conserva únicamente características confirmadas del catálogo; revisa las fotografías y confirma con LIHEN.CO talla, color y disponibilidad para elegir la referencia adecuada.";Por confirmar;Por confirmar;Producto confirmado;ropa_deportiva;chaqueta_manga_larga_capriati;./assets/productos/STYLE/ropa_deportiva/chaqueta_manga_larga_capriati/chaqueta_manga_larga_capriati_0.webp;Sí;1
S08;;Activo;Sí;Style;Ropa deportiva / conjunto mujer;;Conjunto 3 piezas;LIHEN.CO;82500;Disponible / por confirmar;"Conjunto 3 piezas de LIHEN.CO, una prenda pensada para sumar versatilidad al guardarropa y adaptarse a diferentes combinaciones. La ficha conserva únicamente características confirmadas del catálogo; revisa las fotografías y confirma con LIHEN.CO talla, color y disponibilidad para elegir la referencia adecuada.";Por confirmar;Por confirmar;Producto confirmado;ropa_deportiva;conjunto_3_piezas;./assets/productos/STYLE/ropa_deportiva/conjunto_3_piezas/conjunto_3_piezas_0.webp|./assets/productos/STYLE/ropa_deportiva/conjunto_3_piezas/conjunto_3_piezas_1.webp|./assets/productos/STYLE/ropa_deportiva/conjunto_3_piezas/conjunto_3_piezas_2.webp|./assets/productos/STYLE/ropa_deportiva/conjunto_3_piezas/conjunto_3_piezas_3.webp|./assets/productos/STYLE/ropa_deportiva/conjunto_3_piezas/conjunto_3_piezas_4.webp|./assets/productos/STYLE/ropa_deportiva/conjunto_3_piezas/conjunto_3_piezas_5.webp;Sí;6
S16;;Activo;Sí;Style;Ropa deportiva / conjunto mujer;;Conjunto Danny;LIHEN.CO;69000;Disponible / por confirmar;"Conjunto Danny de LIHEN.CO, una prenda pensada para sumar versatilidad al guardarropa y adaptarse a diferentes combinaciones. La ficha conserva únicamente características confirmadas del catálogo; revisa las fotografías y confirma con LIHEN.CO talla, color y disponibilidad para elegir la referencia adecuada.";Por confirmar;Por confirmar;Producto confirmado;ropa_deportiva;conjunto_danny;./assets/productos/STYLE/ropa_deportiva/conjunto_danny/conjunto_danny_0.webp|./assets/productos/STYLE/ropa_deportiva/conjunto_danny/conjunto_danny_1.webp|./assets/productos/STYLE/ropa_deportiva/conjunto_danny/conjunto_danny_2.webp|./assets/productos/STYLE/ropa_deportiva/conjunto_danny/conjunto_danny_3.webp|./assets/productos/STYLE/ropa_deportiva/conjunto_danny/conjunto_danny_4.webp|./assets/productos/STYLE/ropa_deportiva/conjunto_danny/conjunto_danny_5.webp;Sí;6
S52;;Activo;Sí;Style;Ropa deportiva / conjunto mujer;;Conjunto Natzuki;LIHEN.CO;82500;Disponible / por confirmar;"Conjunto Natzuki de LIHEN.CO, una prenda pensada para sumar versatilidad al guardarropa y adaptarse a diferentes combinaciones. La ficha conserva únicamente características confirmadas del catálogo; revisa las fotografías y confirma con LIHEN.CO talla, color y disponibilidad para elegir la referencia adecuada.";Por confirmar;Por confirmar;Producto confirmado;ropa_deportiva;conjunto_natzuki;./assets/productos/STYLE/ropa_deportiva/conjunto_natzuki/conjunto_natzuki_0.webp|./assets/productos/STYLE/ropa_deportiva/conjunto_natzuki/conjunto_natzuki_1.webp|./assets/productos/STYLE/ropa_deportiva/conjunto_natzuki/conjunto_natzuki_2.webp;Sí;3
S07;;Activo;Sí;Style;Ropa deportiva / conjunto mujer;;Conjunto Yoga;LIHEN.CO;108000;Disponible / por confirmar;"Conjunto Yoga de LIHEN.CO, una prenda pensada para sumar versatilidad al guardarropa y adaptarse a diferentes combinaciones. La ficha conserva únicamente características confirmadas del catálogo; revisa las fotografías y confirma con LIHEN.CO talla, color y disponibilidad para elegir la referencia adecuada.";Por confirmar;Por confirmar;Producto confirmado;ropa_deportiva;conjunto_yoga;./assets/productos/STYLE/ropa_deportiva/conjunto_yoga/conjunto_yoga_0.webp|./assets/productos/STYLE/ropa_deportiva/conjunto_yoga/conjunto_yoga_1.webp|./assets/productos/STYLE/ropa_deportiva/conjunto_yoga/conjunto_yoga_2.webp|./assets/productos/STYLE/ropa_deportiva/conjunto_yoga/conjunto_yoga_3.webp|./assets/productos/STYLE/ropa_deportiva/conjunto_yoga/conjunto_yoga_4.webp|./assets/productos/STYLE/ropa_deportiva/conjunto_yoga/conjunto_yoga_5.webp|./assets/productos/STYLE/ropa_deportiva/conjunto_yoga/conjunto_yoga_6.webp|./assets/productos/STYLE/ropa_deportiva/conjunto_yoga/conjunto_yoga_7.webp|./assets/productos/STYLE/ropa_deportiva/conjunto_yoga/conjunto_yoga_8.webp|./assets/productos/STYLE/ropa_deportiva/conjunto_yoga/conjunto_yoga_9.webp;Sí;10
S15;;Activo;Sí;Style;Ropa deportiva / conjunto mujer;;Falda prenses + top unicolor;LIHEN.CO;63000;Disponible / por confirmar;"Falda prenses + top unicolor de LIHEN.CO, una prenda pensada para sumar versatilidad al guardarropa y adaptarse a diferentes combinaciones. La ficha conserva únicamente características confirmadas del catálogo; revisa las fotografías y confirma con LIHEN.CO talla, color y disponibilidad para elegir la referencia adecuada.";Por confirmar;Por confirmar;Producto confirmado;ropa_deportiva;falda_prenses_top_unicolor;./assets/productos/STYLE/ropa_deportiva/falda_prenses_top_unicolor/falda_prenses_top_unicolor_0.webp|./assets/productos/STYLE/ropa_deportiva/falda_prenses_top_unicolor/falda_prenses_top_unicolor_1.webp;Sí;2
S17;;Activo;Sí;Style;Ropa deportiva / conjunto mujer;;Falda suplex + top cuello;LIHEN.CO;57000;Disponible / por confirmar;"Falda suplex + top cuello de LIHEN.CO, una prenda pensada para sumar versatilidad al guardarropa y adaptarse a diferentes combinaciones. La ficha conserva únicamente características confirmadas del catálogo; revisa las fotografías y confirma con LIHEN.CO talla, color y disponibilidad para elegir la referencia adecuada.";Por confirmar;Por confirmar;Producto confirmado;ropa_deportiva;falda_suplex_top_cuello;./assets/productos/STYLE/ropa_deportiva/falda_suplex_top_cuello/falda_suplex_top_cuello_0.webp|./assets/productos/STYLE/ropa_deportiva/falda_suplex_top_cuello/falda_suplex_top_cuello_1.webp|./assets/productos/STYLE/ropa_deportiva/falda_suplex_top_cuello/falda_suplex_top_cuello_2.webp;Sí;3
S14;;Activo;Sí;Style;Ropa deportiva / conjunto mujer;;Falda unicolor + top;LIHEN.CO;48000;Disponible / por confirmar;"Falda unicolor + top de LIHEN.CO, una prenda pensada para sumar versatilidad al guardarropa y adaptarse a diferentes combinaciones. La ficha conserva únicamente características confirmadas del catálogo; revisa las fotografías y confirma con LIHEN.CO talla, color y disponibilidad para elegir la referencia adecuada.";Por confirmar;Por confirmar;Producto confirmado;ropa_deportiva;falda_unicolor_top;./assets/productos/STYLE/ropa_deportiva/falda_unicolor_top/falda_unicolor_top_0.webp|./assets/productos/STYLE/ropa_deportiva/falda_unicolor_top/falda_unicolor_top_1.webp|./assets/productos/STYLE/ropa_deportiva/falda_unicolor_top/falda_unicolor_top_2.webp|./assets/productos/STYLE/ropa_deportiva/falda_unicolor_top/falda_unicolor_top_3.webp|./assets/productos/STYLE/ropa_deportiva/falda_unicolor_top/falda_unicolor_top_4.webp|./assets/productos/STYLE/ropa_deportiva/falda_unicolor_top/falda_unicolor_top_5.webp|./assets/productos/STYLE/ropa_deportiva/falda_unicolor_top/falda_unicolor_top_6.webp|./assets/productos/STYLE/ropa_deportiva/falda_unicolor_top/falda_unicolor_top_7.webp;Sí;8
S06;;Activo;Sí;Style;Ropa deportiva / licra mujer;;Licra bota ancha suplex cierre;LIHEN.CO;57000;Disponible / por confirmar;"Licra bota ancha suplex cierre de LIHEN.CO, una prenda pensada para sumar versatilidad al guardarropa y adaptarse a diferentes combinaciones. La ficha conserva únicamente características confirmadas del catálogo; revisa las fotografías y confirma con LIHEN.CO talla, color y disponibilidad para elegir la referencia adecuada.";Por confirmar;Por confirmar;Producto confirmado;ropa_deportiva;licra_bota_ancha_suplex_cierre;./assets/productos/STYLE/ropa_deportiva/licra_bota_ancha_suplex_cierre/licra_bota_ancha_suplex_cierre_0.webp|./assets/productos/STYLE/ropa_deportiva/licra_bota_ancha_suplex_cierre/licra_bota_ancha_suplex_cierre_1.webp|./assets/productos/STYLE/ropa_deportiva/licra_bota_ancha_suplex_cierre/licra_bota_ancha_suplex_cierre_2.webp|./assets/productos/STYLE/ropa_deportiva/licra_bota_ancha_suplex_cierre/licra_bota_ancha_suplex_cierre_3.webp|./assets/productos/STYLE/ropa_deportiva/licra_bota_ancha_suplex_cierre/licra_bota_ancha_suplex_cierre_4.webp;Sí;5
S04;;Activo;Sí;Style;Ropa deportiva / conjunto mujer;;Licra bota ancha suplex + top;LIHEN.CO;63000;Disponible / por confirmar;"Licra bota ancha suplex + top de LIHEN.CO, una prenda pensada para sumar versatilidad al guardarropa y adaptarse a diferentes combinaciones. La ficha conserva únicamente características confirmadas del catálogo; revisa las fotografías y confirma con LIHEN.CO talla, color y disponibilidad para elegir la referencia adecuada.";Por confirmar;Por confirmar;Producto confirmado;ropa_deportiva;licra_bota_ancha_suplex_top;./assets/productos/STYLE/ropa_deportiva/licra_bota_ancha_suplex_top/licra_bota_ancha_suplex_top_0.webp|./assets/productos/STYLE/ropa_deportiva/licra_bota_ancha_suplex_top/licra_bota_ancha_suplex_top_1.webp|./assets/productos/STYLE/ropa_deportiva/licra_bota_ancha_suplex_top/licra_bota_ancha_suplex_top_2.webp|./assets/productos/STYLE/ropa_deportiva/licra_bota_ancha_suplex_top/licra_bota_ancha_suplex_top_3.webp|./assets/productos/STYLE/ropa_deportiva/licra_bota_ancha_suplex_top/licra_bota_ancha_suplex_top_4.webp|./assets/productos/STYLE/ropa_deportiva/licra_bota_ancha_suplex_top/licra_bota_ancha_suplex_top_5.webp;Sí;6
S01;;Activo;Sí;Style;Ropa deportiva / conjunto mujer;;Licra bota ancha unicolor con vivo + top;LIHEN.CO;82500;Disponible / por confirmar;"Licra bota ancha unicolor con vivo + top de LIHEN.CO, una prenda pensada para sumar versatilidad al guardarropa y adaptarse a diferentes combinaciones. La ficha conserva únicamente características confirmadas del catálogo; revisa las fotografías y confirma con LIHEN.CO talla, color y disponibilidad para elegir la referencia adecuada.";Por confirmar;Por confirmar;Producto confirmado;ropa_deportiva;licra_bota_ancha_unicolor_con_vivo_top;./assets/productos/STYLE/ropa_deportiva/licra_bota_ancha_unicolor_con_vivo_top/licra_bota_ancha_unicolor_con_vivo_top_0.webp|./assets/productos/STYLE/ropa_deportiva/licra_bota_ancha_unicolor_con_vivo_top/licra_bota_ancha_unicolor_con_vivo_top_1.webp;Sí;2
S05;;Activo;Sí;Style;Ropa deportiva / licra mujer;;Licra sirena bota ancha suplex;LIHEN.CO;57000;Disponible / por confirmar;"Licra sirena bota ancha suplex de LIHEN.CO, una prenda pensada para sumar versatilidad al guardarropa y adaptarse a diferentes combinaciones. La ficha conserva únicamente características confirmadas del catálogo; revisa las fotografías y confirma con LIHEN.CO talla, color y disponibilidad para elegir la referencia adecuada.";Por confirmar;Por confirmar;Producto confirmado;ropa_deportiva;licra_sirena_bota_ancha_suplex;./assets/productos/STYLE/ropa_deportiva/licra_sirena_bota_ancha_suplex/licra_sirena_bota_ancha_suplex_0.webp|./assets/productos/STYLE/ropa_deportiva/licra_sirena_bota_ancha_suplex/licra_sirena_bota_ancha_suplex_1.webp|./assets/productos/STYLE/ropa_deportiva/licra_sirena_bota_ancha_suplex/licra_sirena_bota_ancha_suplex_2.webp|./assets/productos/STYLE/ropa_deportiva/licra_sirena_bota_ancha_suplex/licra_sirena_bota_ancha_suplex_3.webp|./assets/productos/STYLE/ropa_deportiva/licra_sirena_bota_ancha_suplex/licra_sirena_bota_ancha_suplex_4.webp|./assets/productos/STYLE/ropa_deportiva/licra_sirena_bota_ancha_suplex/licra_sirena_bota_ancha_suplex_5.webp;Sí;6
S03;;Activo;Sí;Style;Ropa deportiva / licra mujer;;Licra sirena unicolor;LIHEN.CO;37500;Disponible / por confirmar;"Licra sirena unicolor de LIHEN.CO, una prenda pensada para sumar versatilidad al guardarropa y adaptarse a diferentes combinaciones. La ficha conserva únicamente características confirmadas del catálogo; revisa las fotografías y confirma con LIHEN.CO talla, color y disponibilidad para elegir la referencia adecuada.";Por confirmar;Por confirmar;Producto confirmado;ropa_deportiva;licra_sirena_unicolor;./assets/productos/STYLE/ropa_deportiva/licra_sirena_unicolor/licra_sirena_unicolor_0.webp|./assets/productos/STYLE/ropa_deportiva/licra_sirena_unicolor/licra_sirena_unicolor_1.webp|./assets/productos/STYLE/ropa_deportiva/licra_sirena_unicolor/licra_sirena_unicolor_2.webp|./assets/productos/STYLE/ropa_deportiva/licra_sirena_unicolor/licra_sirena_unicolor_3.webp|./assets/productos/STYLE/ropa_deportiva/licra_sirena_unicolor/licra_sirena_unicolor_4.webp|./assets/productos/STYLE/ropa_deportiva/licra_sirena_unicolor/licra_sirena_unicolor_5.webp|./assets/productos/STYLE/ropa_deportiva/licra_sirena_unicolor/licra_sirena_unicolor_6.webp;Sí;7
S13;;Activo;Sí;Style;Ropa deportiva / pantaloneta mujer;;Pantaloneta dama antifluido con licra interna;LIHEN.CO;42000;Disponible / por confirmar;"Pantaloneta dama antifluido con licra interna de LIHEN.CO, una prenda pensada para sumar versatilidad al guardarropa y adaptarse a diferentes combinaciones. La ficha conserva únicamente características confirmadas del catálogo; revisa las fotografías y confirma con LIHEN.CO talla, color y disponibilidad para elegir la referencia adecuada.";Por confirmar;Por confirmar;Producto confirmado;ropa_deportiva;pantaloneta_dama_antifluido_con_licra_interna;./assets/productos/STYLE/ropa_deportiva/pantaloneta_dama_antifluido_con_licra_interna/pantaloneta_dama_antifluido_con_licra_interna_0.webp|./assets/productos/STYLE/ropa_deportiva/pantaloneta_dama_antifluido_con_licra_interna/pantaloneta_dama_antifluido_con_licra_interna_1.webp|./assets/productos/STYLE/ropa_deportiva/pantaloneta_dama_antifluido_con_licra_interna/pantaloneta_dama_antifluido_con_licra_interna_2.webp|./assets/productos/STYLE/ropa_deportiva/pantaloneta_dama_antifluido_con_licra_interna/pantaloneta_dama_antifluido_con_licra_interna_3.webp|./assets/productos/STYLE/ropa_deportiva/pantaloneta_dama_antifluido_con_licra_interna/pantaloneta_dama_antifluido_con_licra_interna_4.webp|./assets/productos/STYLE/ropa_deportiva/pantaloneta_dama_antifluido_con_licra_interna/pantaloneta_dama_antifluido_con_licra_interna_5.webp|./assets/productos/STYLE/ropa_deportiva/pantaloneta_dama_antifluido_con_licra_interna/pantaloneta_dama_antifluido_con_licra_interna_6.webp|./assets/productos/STYLE/ropa_deportiva/pantaloneta_dama_antifluido_con_licra_interna/pantaloneta_dama_antifluido_con_licra_interna_7.webp|./assets/productos/STYLE/ropa_deportiva/pantaloneta_dama_antifluido_con_licra_interna/pantaloneta_dama_antifluido_con_licra_interna_8.webp;Sí;9
S12;;Activo;Sí;Style;Ropa deportiva / conjunto mujer;;Short malla push up suplex + top;LIHEN.CO;45000;Disponible / por confirmar;"Short malla push up suplex + top de LIHEN.CO, una prenda pensada para sumar versatilidad al guardarropa y adaptarse a diferentes combinaciones. La ficha conserva únicamente características confirmadas del catálogo; revisa las fotografías y confirma con LIHEN.CO talla, color y disponibilidad para elegir la referencia adecuada.";Por confirmar;Por confirmar;Producto confirmado;ropa_deportiva;short_malla_push_up_suplex_top;./assets/productos/STYLE/ropa_deportiva/short_malla_push_up_suplex_top/short_malla_push_up_suplex_top_0.webp|./assets/productos/STYLE/ropa_deportiva/short_malla_push_up_suplex_top/short_malla_push_up_suplex_top_1.webp|./assets/productos/STYLE/ropa_deportiva/short_malla_push_up_suplex_top/short_malla_push_up_suplex_top_2.webp|./assets/productos/STYLE/ropa_deportiva/short_malla_push_up_suplex_top/short_malla_push_up_suplex_top_3.webp|./assets/productos/STYLE/ropa_deportiva/short_malla_push_up_suplex_top/short_malla_push_up_suplex_top_4.webp|./assets/productos/STYLE/ropa_deportiva/short_malla_push_up_suplex_top/short_malla_push_up_suplex_top_5.webp|./assets/productos/STYLE/ropa_deportiva/short_malla_push_up_suplex_top/short_malla_push_up_suplex_top_6.webp|./assets/productos/STYLE/ropa_deportiva/short_malla_push_up_suplex_top/short_malla_push_up_suplex_top_7.webp|./assets/productos/STYLE/ropa_deportiva/short_malla_push_up_suplex_top/short_malla_push_up_suplex_top_8.webp;Sí;9
S10;;Activo;Sí;Style;Ropa deportiva / conjunto mujer;;Short nylon unicolor + top;LIHEN.CO;33000;Disponible / por confirmar;"Short nylon unicolor + top de LIHEN.CO, una prenda pensada para sumar versatilidad al guardarropa y adaptarse a diferentes combinaciones. La ficha conserva únicamente características confirmadas del catálogo; revisa las fotografías y confirma con LIHEN.CO talla, color y disponibilidad para elegir la referencia adecuada.";Por confirmar;Por confirmar;Producto confirmado;ropa_deportiva;short_nylon_unicolor_top;./assets/productos/STYLE/ropa_deportiva/short_nylon_unicolor_top/short_nylon_unicolor_top_0.webp|./assets/productos/STYLE/ropa_deportiva/short_nylon_unicolor_top/short_nylon_unicolor_top_1.webp|./assets/productos/STYLE/ropa_deportiva/short_nylon_unicolor_top/short_nylon_unicolor_top_2.webp|./assets/productos/STYLE/ropa_deportiva/short_nylon_unicolor_top/short_nylon_unicolor_top_3.webp|./assets/productos/STYLE/ropa_deportiva/short_nylon_unicolor_top/short_nylon_unicolor_top_4.webp;Sí;5
S51;;Activo;Sí;Style;Ropa deportiva / sudadera mujer;;Sudadera bota recta burda + chaqueta;LIHEN.CO;82500;Disponible / por confirmar;"Sudadera bota recta burda + chaqueta de LIHEN.CO, una prenda pensada para sumar versatilidad al guardarropa y adaptarse a diferentes combinaciones. La ficha conserva únicamente características confirmadas del catálogo; revisa las fotografías y confirma con LIHEN.CO talla, color y disponibilidad para elegir la referencia adecuada.";Por confirmar;Por confirmar;Producto confirmado;ropa_deportiva;sudadera_bota_recta_burda_chaqueta;./assets/productos/STYLE/ropa_deportiva/sudadera_bota_recta_burda_chaqueta/sudadera_bota_recta_burda_chaqueta_0.webp;Sí;1
S55;;Activo;Sí;Style;Ropa deportiva hombre / camiseta manga larga;;Calentador hombre unicolor nacional;LIHEN.CO;37500;Disponible / por confirmar;"Calentador hombre unicolor nacional de LIHEN.CO, una prenda pensada para sumar versatilidad al guardarropa y adaptarse a diferentes combinaciones. La ficha conserva únicamente características confirmadas del catálogo; revisa las fotografías y confirma con LIHEN.CO talla, color y disponibilidad para elegir la referencia adecuada.";Por confirmar;Por confirmar;Producto confirmado;ropa_deportiva_hombre;calentador_hombre_unicolor_nacional;./assets/productos/STYLE/ropa_deportiva_hombre/calentador_hombre_unicolor_nacional/calentador_hombre_unicolor_nacional_0.webp|./assets/productos/STYLE/ropa_deportiva_hombre/calentador_hombre_unicolor_nacional/calentador_hombre_unicolor_nacional_1.webp|./assets/productos/STYLE/ropa_deportiva_hombre/calentador_hombre_unicolor_nacional/calentador_hombre_unicolor_nacional_2.webp|./assets/productos/STYLE/ropa_deportiva_hombre/calentador_hombre_unicolor_nacional/calentador_hombre_unicolor_nacional_3.webp|./assets/productos/STYLE/ropa_deportiva_hombre/calentador_hombre_unicolor_nacional/calentador_hombre_unicolor_nacional_4.webp|./assets/productos/STYLE/ropa_deportiva_hombre/calentador_hombre_unicolor_nacional/calentador_hombre_unicolor_nacional_5.webp;Sí;6
S56;;Activo;Sí;Style;Ropa deportiva hombre / camiseta sin mangas;;Camiseta hombre esqueleto nacional;LIHEN.CO;30500;Disponible / por confirmar;"Camiseta hombre esqueleto nacional de LIHEN.CO, una prenda pensada para sumar versatilidad al guardarropa y adaptarse a diferentes combinaciones. La ficha conserva únicamente características confirmadas del catálogo; revisa las fotografías y confirma con LIHEN.CO talla, color y disponibilidad para elegir la referencia adecuada.";Por confirmar;Por confirmar;Producto confirmado;ropa_deportiva_hombre;camiseta_hombre_esqueleto_nacional;./assets/productos/STYLE/ropa_deportiva_hombre/camiseta_hombre_esqueleto_nacional/camiseta_hombre_esqueleto_nacional_0.webp|./assets/productos/STYLE/ropa_deportiva_hombre/camiseta_hombre_esqueleto_nacional/camiseta_hombre_esqueleto_nacional_1.webp|./assets/productos/STYLE/ropa_deportiva_hombre/camiseta_hombre_esqueleto_nacional/camiseta_hombre_esqueleto_nacional_2.webp|./assets/productos/STYLE/ropa_deportiva_hombre/camiseta_hombre_esqueleto_nacional/camiseta_hombre_esqueleto_nacional_3.webp|./assets/productos/STYLE/ropa_deportiva_hombre/camiseta_hombre_esqueleto_nacional/camiseta_hombre_esqueleto_nacional_4.webp;Sí;5
S53;;Activo;Sí;Style;Ropa deportiva hombre / camiseta;;Camiseta hombre unicolor nacional;LIHEN.CO;30500;Disponible / por confirmar;"Camiseta hombre unicolor nacional de LIHEN.CO, una prenda pensada para sumar versatilidad al guardarropa y adaptarse a diferentes combinaciones. La ficha conserva únicamente características confirmadas del catálogo; revisa las fotografías y confirma con LIHEN.CO talla, color y disponibilidad para elegir la referencia adecuada.";Por confirmar;Por confirmar;Producto confirmado;ropa_deportiva_hombre;camiseta_hombre_unicolor_nacional;./assets/productos/STYLE/ropa_deportiva_hombre/camiseta_hombre_unicolor_nacional/camiseta_hombre_unicolor_nacional_0.webp|./assets/productos/STYLE/ropa_deportiva_hombre/camiseta_hombre_unicolor_nacional/camiseta_hombre_unicolor_nacional_1.webp|./assets/productos/STYLE/ropa_deportiva_hombre/camiseta_hombre_unicolor_nacional/camiseta_hombre_unicolor_nacional_2.webp|./assets/productos/STYLE/ropa_deportiva_hombre/camiseta_hombre_unicolor_nacional/camiseta_hombre_unicolor_nacional_3.webp|./assets/productos/STYLE/ropa_deportiva_hombre/camiseta_hombre_unicolor_nacional/camiseta_hombre_unicolor_nacional_4.webp|./assets/productos/STYLE/ropa_deportiva_hombre/camiseta_hombre_unicolor_nacional/camiseta_hombre_unicolor_nacional_5.webp;Sí;6
S62;;Activo;Sí;Style;Ropa deportiva hombre / camiseta;;Camiseta importada hombre;LIHEN.CO;52500;Disponible / por confirmar;"Camiseta importada hombre de LIHEN.CO, una prenda pensada para sumar versatilidad al guardarropa y adaptarse a diferentes combinaciones. La ficha conserva únicamente características confirmadas del catálogo; revisa las fotografías y confirma con LIHEN.CO talla, color y disponibilidad para elegir la referencia adecuada.";Por confirmar;Por confirmar;Producto confirmado;ropa_deportiva_hombre;camiseta_importada_hombre;./assets/productos/STYLE/ropa_deportiva_hombre/camiseta_importada_hombre/camiseta_importada_hombre_0.webp|./assets/productos/STYLE/ropa_deportiva_hombre/camiseta_importada_hombre/camiseta_importada_hombre_1.webp|./assets/productos/STYLE/ropa_deportiva_hombre/camiseta_importada_hombre/camiseta_importada_hombre_2.webp|./assets/productos/STYLE/ropa_deportiva_hombre/camiseta_importada_hombre/camiseta_importada_hombre_3.webp|./assets/productos/STYLE/ropa_deportiva_hombre/camiseta_importada_hombre/camiseta_importada_hombre_4.webp;Sí;5
S54;;Activo;Sí;Style;Ropa deportiva hombre / camiseta;;Camiseta oversize hombre;LIHEN.CO;52500;Disponible / por confirmar;"Camiseta oversize hombre de LIHEN.CO, una prenda pensada para sumar versatilidad al guardarropa y adaptarse a diferentes combinaciones. La ficha conserva únicamente características confirmadas del catálogo; revisa las fotografías y confirma con LIHEN.CO talla, color y disponibilidad para elegir la referencia adecuada.";Por confirmar;Por confirmar;Producto confirmado;ropa_deportiva_hombre;camiseta_oversize_hombre;./assets/productos/STYLE/ropa_deportiva_hombre/camiseta_oversize_hombre/camiseta_oversize_hombre_0.webp|./assets/productos/STYLE/ropa_deportiva_hombre/camiseta_oversize_hombre/camiseta_oversize_hombre_1.webp|./assets/productos/STYLE/ropa_deportiva_hombre/camiseta_oversize_hombre/camiseta_oversize_hombre_2.webp|./assets/productos/STYLE/ropa_deportiva_hombre/camiseta_oversize_hombre/camiseta_oversize_hombre_3.webp|./assets/productos/STYLE/ropa_deportiva_hombre/camiseta_oversize_hombre/camiseta_oversize_hombre_4.webp|./assets/productos/STYLE/ropa_deportiva_hombre/camiseta_oversize_hombre/camiseta_oversize_hombre_5.webp|./assets/productos/STYLE/ropa_deportiva_hombre/camiseta_oversize_hombre/camiseta_oversize_hombre_6.webp|./assets/productos/STYLE/ropa_deportiva_hombre/camiseta_oversize_hombre/camiseta_oversize_hombre_7.webp;Sí;8
S61;;Activo;Sí;Style;Ropa deportiva hombre / chaqueta;;Chaqueta hombre antifluido con capucha;LIHEN.CO;67500;Disponible / por confirmar;"Chaqueta hombre antifluido con capucha de LIHEN.CO, una prenda pensada para sumar versatilidad al guardarropa y adaptarse a diferentes combinaciones. La ficha conserva únicamente características confirmadas del catálogo; revisa las fotografías y confirma con LIHEN.CO talla, color y disponibilidad para elegir la referencia adecuada.";Por confirmar;Por confirmar;Producto confirmado;ropa_deportiva_hombre;chaqueta_hombre_antifluido_con_capucha;./assets/productos/STYLE/ropa_deportiva_hombre/chaqueta_hombre_antifluido_con_capucha/chaqueta_hombre_antifluido_con_capucha_0.webp|./assets/productos/STYLE/ropa_deportiva_hombre/chaqueta_hombre_antifluido_con_capucha/chaqueta_hombre_antifluido_con_capucha_2.webp|./assets/productos/STYLE/ropa_deportiva_hombre/chaqueta_hombre_antifluido_con_capucha/chaqueta_hombre_antifluido_con_capucha_3.webp|./assets/productos/STYLE/ropa_deportiva_hombre/chaqueta_hombre_antifluido_con_capucha/chaqueta_hombre_antifluido_con_capucha_4.webp|./assets/productos/STYLE/ropa_deportiva_hombre/chaqueta_hombre_antifluido_con_capucha/chaqueta_hombre_antifluido_con_capucha_5.webp;Sí;5
S57;;Activo;Sí;Style;Ropa deportiva hombre / licra corta;;Licra corta hombre nacional;LIHEN.CO;40500;Disponible / por confirmar;"Licra corta hombre nacional de LIHEN.CO, una prenda pensada para sumar versatilidad al guardarropa y adaptarse a diferentes combinaciones. La ficha conserva únicamente características confirmadas del catálogo; revisa las fotografías y confirma con LIHEN.CO talla, color y disponibilidad para elegir la referencia adecuada.";Por confirmar;Por confirmar;Producto confirmado;ropa_deportiva_hombre;licra_corta_hombre_nacional;./assets/productos/STYLE/ropa_deportiva_hombre/licra_corta_hombre_nacional/licra_corta_hombre_nacional_0.webp|./assets/productos/STYLE/ropa_deportiva_hombre/licra_corta_hombre_nacional/licra_corta_hombre_nacional_1.webp;Sí;2
S64;;Activo;Sí;Style;Ropa deportiva hombre / pantaloneta;;Pantaloneta importada hombre con licra interna;LIHEN.CO;48000;Disponible / por confirmar;"Pantaloneta importada hombre con licra interna de LIHEN.CO, una prenda pensada para sumar versatilidad al guardarropa y adaptarse a diferentes combinaciones. La ficha conserva únicamente características confirmadas del catálogo; revisa las fotografías y confirma con LIHEN.CO talla, color y disponibilidad para elegir la referencia adecuada.";Por confirmar;Por confirmar;Producto confirmado;ropa_deportiva_hombre;pantaloneta_importada_hombre_con_licra_interna;./assets/productos/STYLE/ropa_deportiva_hombre/pantaloneta_importada_hombre_con_licra_interna/pantaloneta_importada_hombre_con_licra_interna_0.webp|./assets/productos/STYLE/ropa_deportiva_hombre/pantaloneta_importada_hombre_con_licra_interna/pantaloneta_importada_hombre_con_licra_interna_1.webp|./assets/productos/STYLE/ropa_deportiva_hombre/pantaloneta_importada_hombre_con_licra_interna/pantaloneta_importada_hombre_con_licra_interna_2.webp|./assets/productos/STYLE/ropa_deportiva_hombre/pantaloneta_importada_hombre_con_licra_interna/pantaloneta_importada_hombre_con_licra_interna_3.webp;Sí;4
S63;;Activo;Sí;Style;Ropa deportiva hombre / pantaloneta;;Pantaloneta importada hombre sin licra interna;LIHEN.CO;52500;Disponible / por confirmar;"Pantaloneta importada hombre sin licra interna de LIHEN.CO, una prenda pensada para sumar versatilidad al guardarropa y adaptarse a diferentes combinaciones. La ficha conserva únicamente características confirmadas del catálogo; revisa las fotografías y confirma con LIHEN.CO talla, color y disponibilidad para elegir la referencia adecuada.";Por confirmar;Por confirmar;Producto confirmado;ropa_deportiva_hombre;pantaloneta_importada_hombre_sin_licra_interna;./assets/productos/STYLE/ropa_deportiva_hombre/pantaloneta_importada_hombre_sin_licra_interna/pantaloneta_importada_hombre_sin_licra_interna_0.webp|./assets/productos/STYLE/ropa_deportiva_hombre/pantaloneta_importada_hombre_sin_licra_interna/pantaloneta_importada_hombre_sin_licra_interna_1.webp|./assets/productos/STYLE/ropa_deportiva_hombre/pantaloneta_importada_hombre_sin_licra_interna/pantaloneta_importada_hombre_sin_licra_interna_2.webp|./assets/productos/STYLE/ropa_deportiva_hombre/pantaloneta_importada_hombre_sin_licra_interna/pantaloneta_importada_hombre_sin_licra_interna_3.webp;Sí;4
S58;;Activo;Sí;Style;Ropa deportiva hombre / sudadera;;Sudadera nacional hombre antifluido;LIHEN.CO;52500;Disponible / por confirmar;"Sudadera nacional hombre antifluido de LIHEN.CO, una prenda pensada para sumar versatilidad al guardarropa y adaptarse a diferentes combinaciones. La ficha conserva únicamente características confirmadas del catálogo; revisa las fotografías y confirma con LIHEN.CO talla, color y disponibilidad para elegir la referencia adecuada.";Por confirmar;Por confirmar;Producto confirmado;ropa_deportiva_hombre;sudadera_nacional_hombre_antifluido;./assets/productos/STYLE/ropa_deportiva_hombre/sudadera_nacional_hombre_antifluido/sudadera_nacional_hombre_antifluido_0.webp|./assets/productos/STYLE/ropa_deportiva_hombre/sudadera_nacional_hombre_antifluido/sudadera_nacional_hombre_antifluido_1.webp|./assets/productos/STYLE/ropa_deportiva_hombre/sudadera_nacional_hombre_antifluido/sudadera_nacional_hombre_antifluido_2.webp|./assets/productos/STYLE/ropa_deportiva_hombre/sudadera_nacional_hombre_antifluido/sudadera_nacional_hombre_antifluido_3.webp|./assets/productos/STYLE/ropa_deportiva_hombre/sudadera_nacional_hombre_antifluido/sudadera_nacional_hombre_antifluido_4.webp;Sí;5
S65;;Activo;Sí;Style;Ropa deportiva niño / camiseta manga larga;;Calentador niño;LIHEN.CO;22500;Disponible / por confirmar;"Calentador niño de LIHEN.CO, una prenda pensada para sumar versatilidad al guardarropa y adaptarse a diferentes combinaciones. La ficha conserva únicamente características confirmadas del catálogo; revisa las fotografías y confirma con LIHEN.CO talla, color y disponibilidad para elegir la referencia adecuada.";Por confirmar;Por confirmar;Producto confirmado;ropa_deportiva_nino;calentador_nino;./assets/productos/STYLE/ropa_deportiva_nino/calentador_nino/calentador_nino_0.webp|./assets/productos/STYLE/ropa_deportiva_nino/calentador_nino/calentador_nino_1.webp|./assets/productos/STYLE/ropa_deportiva_nino/calentador_nino/calentador_nino_2.webp|./assets/productos/STYLE/ropa_deportiva_nino/calentador_nino/calentador_nino_3.webp;Sí;4
S19;;Activo;Sí;Style;Ropa deportiva / vestido mujer;;Vestido Karla suplex;LIHEN.CO;72000;Disponible / por confirmar;"Vestido Karla suplex de LIHEN.CO, una prenda pensada para sumar versatilidad al guardarropa y adaptarse a diferentes combinaciones. La ficha conserva únicamente características confirmadas del catálogo; revisa las fotografías y confirma con LIHEN.CO talla, color y disponibilidad para elegir la referencia adecuada.";Por confirmar;Por confirmar;Producto confirmado;vestidos;vestido_karla_suplex;./assets/productos/STYLE/vestidos/vestido_karla_suplex/vestido_karla_suplex_0.webp|./assets/productos/STYLE/vestidos/vestido_karla_suplex/vestido_karla_suplex_1.webp|./assets/productos/STYLE/vestidos/vestido_karla_suplex/vestido_karla_suplex_2.webp|./assets/productos/STYLE/vestidos/vestido_karla_suplex/vestido_karla_suplex_3.webp|./assets/productos/STYLE/vestidos/vestido_karla_suplex/vestido_karla_suplex_4.webp;Sí;5
S18;;Activo;Sí;Style;Ropa deportiva / vestido mujer;;Vestido Lola suplex;LIHEN.CO;72500;Disponible / por confirmar;"Vestido Lola suplex de LIHEN.CO, una prenda pensada para sumar versatilidad al guardarropa y adaptarse a diferentes combinaciones. La ficha conserva únicamente características confirmadas del catálogo; revisa las fotografías y confirma con LIHEN.CO talla, color y disponibilidad para elegir la referencia adecuada.";Por confirmar;Por confirmar;Producto confirmado;vestidos;vestido_lola_suplex;./assets/productos/STYLE/vestidos/vestido_lola_suplex/vestido_lola_suplex_0.webp|./assets/productos/STYLE/vestidos/vestido_lola_suplex/vestido_lola_suplex_1.webp|./assets/productos/STYLE/vestidos/vestido_lola_suplex/vestido_lola_suplex_2.webp|./assets/productos/STYLE/vestidos/vestido_lola_suplex/vestido_lola_suplex_3.webp;Sí;4
S20;;Activo;Sí;Style;Ropa deportiva / vestido mujer;;Vestido manga corta prenses suplex;LIHEN.CO;75000;Disponible / por confirmar;"Vestido manga corta prenses suplex de LIHEN.CO, una prenda pensada para sumar versatilidad al guardarropa y adaptarse a diferentes combinaciones. La ficha conserva únicamente características confirmadas del catálogo; revisa las fotografías y confirma con LIHEN.CO talla, color y disponibilidad para elegir la referencia adecuada.";Por confirmar;Por confirmar;Producto confirmado;vestidos;vestido_manga_corta_prenses_suplex;./assets/productos/STYLE/vestidos/vestido_manga_corta_prenses_suplex/vestido_manga_corta_prenses_suplex_0.webp|./assets/productos/STYLE/vestidos/vestido_manga_corta_prenses_suplex/vestido_manga_corta_prenses_suplex_1.webp|./assets/productos/STYLE/vestidos/vestido_manga_corta_prenses_suplex/vestido_manga_corta_prenses_suplex_2.webp;Sí;3
S21;;Activo;Sí;Style;Ropa deportiva / vestido mujer;;Vestido manga larga prenses suplex;LIHEN.CO;79500;Disponible / por confirmar;"Vestido manga larga prenses suplex de LIHEN.CO, una prenda pensada para sumar versatilidad al guardarropa y adaptarse a diferentes combinaciones. La ficha conserva únicamente características confirmadas del catálogo; revisa las fotografías y confirma con LIHEN.CO talla, color y disponibilidad para elegir la referencia adecuada.";Por confirmar;Por confirmar;Producto confirmado;vestidos;vestido_manga_larga_prenses_suplex;./assets/productos/STYLE/vestidos/vestido_manga_larga_prenses_suplex/vestido_manga_larga_prenses_suplex_0.webp|./assets/productos/STYLE/vestidos/vestido_manga_larga_prenses_suplex/vestido_manga_larga_prenses_suplex_1.webp|./assets/productos/STYLE/vestidos/vestido_manga_larga_prenses_suplex/vestido_manga_larga_prenses_suplex_2.webp|./assets/productos/STYLE/vestidos/vestido_manga_larga_prenses_suplex/vestido_manga_larga_prenses_suplex_3.webp|./assets/productos/STYLE/vestidos/vestido_manga_larga_prenses_suplex/vestido_manga_larga_prenses_suplex_4.webp|./assets/productos/STYLE/vestidos/vestido_manga_larga_prenses_suplex/vestido_manga_larga_prenses_suplex_5.webp;Sí;6
B114;BC-047;Activo;No;Beauty Care;Accesorios Beauty Care;Gancho;Gacho flor x2;LIHEN.CO;6000;Disponible;Gacho flor x2 de LIHEN.CO, accesorio seleccionado para complementar tu estilo o rutina de forma sencilla. Su diseño permite combinarlo con distintas opciones según la ocasión y preferencia personal. Revisa las fotografías disponibles y confirma con LIHEN.CO los detalles de la referencia antes de realizar tu pedido.;Por confirmar;Por confirmar;Consulta disponibilidad;;;;No;0
B115;BC-049;Activo;No;Beauty Care;Accesorios Beauty Care;Gancho;Gacho flor x3;LIHEN.CO;6000;Disponible / por confirmar;Gacho flor x3 de LIHEN.CO, accesorio seleccionado para complementar tu estilo o rutina de forma sencilla. Su diseño permite combinarlo con distintas opciones según la ocasión y preferencia personal. Revisa las fotografías disponibles y confirma con LIHEN.CO los detalles de la referencia antes de realizar tu pedido.;Por confirmar;Por confirmar;Consulta disponibilidad;;;;No;0
B116;BC-048;Activo;No;Beauty Care;Accesorios Beauty Care;Gancho;Gacho flor x4;LIHEN.CO;6000;Disponible / por confirmar;Gacho flor x4 de LIHEN.CO, accesorio seleccionado para complementar tu estilo o rutina de forma sencilla. Su diseño permite combinarlo con distintas opciones según la ocasión y preferencia personal. Revisa las fotografías disponibles y confirma con LIHEN.CO los detalles de la referencia antes de realizar tu pedido.;Por confirmar;Por confirmar;Consulta disponibilidad;;;;No;0
B121;BC-023;Activo;No;Beauty Care;Accesorios Beauty Care;Gorro;Gorro de satin;LIHEN.CO;12000;Disponible;Gorro de satin de LIHEN.CO, accesorio seleccionado para complementar tu estilo o rutina de forma sencilla. Su diseño permite combinarlo con distintas opciones según la ocasión y preferencia personal. Revisa las fotografías disponibles y confirma con LIHEN.CO los detalles de la referencia antes de realizar tu pedido.;Por confirmar;Por confirmar;Consulta disponibilidad;;;;No;0
B122;BC-024;Activo;No;Beauty Care;Accesorios Beauty Care;Moña;Moña de satin;LIHEN.CO;6345;Disponible;Moña de satin de LIHEN.CO, accesorio seleccionado para complementar tu estilo o rutina de forma sencilla. Su diseño permite combinarlo con distintas opciones según la ocasión y preferencia personal. Revisa las fotografías disponibles y confirma con LIHEN.CO los detalles de la referencia antes de realizar tu pedido.;Por confirmar;Por confirmar;Consulta disponibilidad;;;;No;0
S68;ST-001;Activo;No;Style;Accesorios Style;Arete;Aretes dorados pequeños;LIHEN.CO;9000;Disponible;Aretes dorados pequeños de LIHEN.CO, accesorio seleccionado para complementar looks de forma sencilla y versátil. Su diseño permite incorporarlo a distintas combinaciones según el estilo personal y la ocasión. Revisa las fotografías y confirma con LIHEN.CO la referencia, medidas o acabado disponible antes de comprar.;Por confirmar;Por confirmar;Consulta disponibilidad;;;;No;0
S69;ST-002;Activo;No;Style;Accesorios Style;Manilla;Manilla ajustable;LIHEN.CO;11725;Disponible / por confirmar;Manilla ajustable de LIHEN.CO, accesorio seleccionado para complementar looks de forma sencilla y versátil. Su diseño permite incorporarlo a distintas combinaciones según el estilo personal y la ocasión. Revisa las fotografías y confirma con LIHEN.CO la referencia, medidas o acabado disponible antes de comprar.;Por confirmar;Por confirmar;Consulta disponibilidad;;;;No;0
B126;ST-004;Activo;No;Beauty Care;Accesorios Beauty Care;Moña;Moña satinada;LIHEN.CO;6460;Disponible / por confirmar;Moña satinada de LIHEN.CO, accesorio seleccionado para complementar tu estilo o rutina de forma sencilla. Su diseño permite combinarlo con distintas opciones según la ocasión y preferencia personal. Revisa las fotografías disponibles y confirma con LIHEN.CO los detalles de la referencia antes de realizar tu pedido.;Por confirmar;Por confirmar;Consulta disponibilidad;;;;No;0
S71;BC-065;Activo;No;Style;Accesorios Style;Anillo;Anillo flores;LIHEN.CO;8000;Disponible;Anillo flores de LIHEN.CO, accesorio seleccionado para complementar looks de forma sencilla y versátil. Su diseño permite incorporarlo a distintas combinaciones según el estilo personal y la ocasión. Revisa las fotografías y confirma con LIHEN.CO la referencia, medidas o acabado disponible antes de comprar.;Por confirmar;Por confirmar;Consulta disponibilidad;;;;No;0
B128;BC-008;Activo;No;Beauty Care;Accesorios Beauty Care;Beauty Blender;Poeder sponge;LIHEN.CO;7000;Disponible;Poeder sponge de LIHEN.CO, accesorio de belleza pensado para facilitar tareas de aplicación, difuminado o arreglo dentro de la rutina personal, según el tipo de herramienta. Su formato práctico permite complementar los productos que ya utilizas. Revisa la referencia y confirma disponibilidad con LIHEN.CO.;Por confirmar;Por confirmar;Consulta disponibilidad;;;;No;0
S72;BC-064;Activo;No;Style;Accesorios Style;Anillo;Anillo corazon;LIHEN.CO;8000;Disponible;Anillo corazon de LIHEN.CO, accesorio seleccionado para complementar looks de forma sencilla y versátil. Su diseño permite incorporarlo a distintas combinaciones según el estilo personal y la ocasión. Revisa las fotografías y confirma con LIHEN.CO la referencia, medidas o acabado disponible antes de comprar.;Por confirmar;Por confirmar;Consulta disponibilidad;;;;No;0
S73;BC-059;Activo;No;Style;Accesorios Style;Candonga;Candoga pequeña de hoja;LIHEN.CO;8000;Disponible;Candoga pequeña de hoja de LIHEN.CO, accesorio seleccionado para complementar looks de forma sencilla y versátil. Su diseño permite incorporarlo a distintas combinaciones según el estilo personal y la ocasión. Revisa las fotografías y confirma con LIHEN.CO la referencia, medidas o acabado disponible antes de comprar.;Por confirmar;Por confirmar;Consulta disponibilidad;;;;No;0
S74;BC-058;Activo;No;Style;Accesorios Style;Candonga;Candonga mediana;LIHEN.CO;8000;Disponible;Candonga mediana de LIHEN.CO, accesorio seleccionado para complementar looks de forma sencilla y versátil. Su diseño permite incorporarlo a distintas combinaciones según el estilo personal y la ocasión. Revisa las fotografías y confirma con LIHEN.CO la referencia, medidas o acabado disponible antes de comprar.;Por confirmar;Por confirmar;Consulta disponibilidad;;;;No;0
S75;BC-060;Activo;No;Style;Accesorios Style;Candonga;Candonga mediana dorada;LIHEN.CO;8000;Disponible;Candonga mediana dorada de LIHEN.CO, accesorio seleccionado para complementar looks de forma sencilla y versátil. Su diseño permite incorporarlo a distintas combinaciones según el estilo personal y la ocasión. Revisa las fotografías y confirma con LIHEN.CO la referencia, medidas o acabado disponible antes de comprar.;Por confirmar;Por confirmar;Consulta disponibilidad;;;;No;0
S76;BC-056;Activo;No;Style;Accesorios Style;Collar;Corazon virgen dorada;LIHEN.CO;14000;Disponible / por confirmar;Corazon virgen dorada de LIHEN.CO, accesorio seleccionado para complementar looks de forma sencilla y versátil. Su diseño permite incorporarlo a distintas combinaciones según el estilo personal y la ocasión. Revisa las fotografías y confirma con LIHEN.CO la referencia, medidas o acabado disponible antes de comprar.;Por confirmar;Por confirmar;Consulta disponibilidad;;;;No;0
S77;BC-057;Activo;No;Style;Accesorios Style;Ear cuff;Choker de hojas;LIHEN.CO;15000;Disponible;Choker de hojas de LIHEN.CO, accesorio seleccionado para complementar looks de forma sencilla y versátil. Su diseño permite incorporarlo a distintas combinaciones según el estilo personal y la ocasión. Revisa las fotografías y confirma con LIHEN.CO la referencia, medidas o acabado disponible antes de comprar.;Por confirmar;Por confirmar;Consulta disponibilidad;;;;No;0
S78;BC-066;Activo;No;Style;Accesorios Style;Ear cuff;Ear cuff;LIHEN.CO;8260;Disponible;Ear cuff de LIHEN.CO, accesorio seleccionado para complementar looks de forma sencilla y versátil. Su diseño permite incorporarlo a distintas combinaciones según el estilo personal y la ocasión. Revisa las fotografías y confirma con LIHEN.CO la referencia, medidas o acabado disponible antes de comprar.;Por confirmar;Por confirmar;Consulta disponibilidad;;;;No;0
S79;BC-063;Activo;No;Style;Accesorios Style;Manilla;Manilla flor con diamante verde;LIHEN.CO;14000;Disponible / por confirmar;Manilla flor con diamante verde de LIHEN.CO, accesorio seleccionado para complementar looks de forma sencilla y versátil. Su diseño permite incorporarlo a distintas combinaciones según el estilo personal y la ocasión. Revisa las fotografías y confirma con LIHEN.CO la referencia, medidas o acabado disponible antes de comprar.;Por confirmar;Por confirmar;Consulta disponibilidad;;;;No;0
S80;BC-061;Activo;No;Style;Accesorios Style;Manilla;Manilla perlas rosa con blanco;LIHEN.CO;15000;Disponible / por confirmar;Manilla perlas rosa con blanco de LIHEN.CO, accesorio seleccionado para complementar looks de forma sencilla y versátil. Su diseño permite incorporarlo a distintas combinaciones según el estilo personal y la ocasión. Revisa las fotografías y confirma con LIHEN.CO la referencia, medidas o acabado disponible antes de comprar.;Por confirmar;Por confirmar;Consulta disponibilidad;;;;No;0
S81;BC-062;Activo;No;Style;Accesorios Style;Manilla;Manilla sencilla;LIHEN.CO;12500;Disponible / por confirmar;Manilla sencilla de LIHEN.CO, accesorio seleccionado para complementar looks de forma sencilla y versátil. Su diseño permite incorporarlo a distintas combinaciones según el estilo personal y la ocasión. Revisa las fotografías y confirma con LIHEN.CO la referencia, medidas o acabado disponible antes de comprar.;Por confirmar;Por confirmar;Consulta disponibilidad;;;;No;0
B111;BC-033;Activo;No;Beauty Care;Skincare / rostro;Kit;Mini kit centella;Madagascar Centella;149000;Disponible;Mini Kit Madagascar Centella de SKIN1004 reúne cinco productos en tamaño mini para probar o llevar la rutina Centella de la marca. La referencia oficial incluye pasos de limpieza, tonificación, ampolla y crema, en formatos pensados para viaje o prueba. Es una alternativa práctica para conocer la línea sin llevar presentaciones de tamaño completo.;Por confirmar;Por confirmar;Consulta disponibilidad;;;;No;0
S70;ST-003;Activo;No;Style;Ropa / Casual;Mujer;Blusa básica;LIHEN.CO;44900;Disponible;"Blusa básica de LIHEN.CO, una prenda pensada para sumar versatilidad al guardarropa y adaptarse a diferentes combinaciones. La ficha conserva únicamente características confirmadas del catálogo; revisa las fotografías y confirma con LIHEN.CO talla, color y disponibilidad para elegir la referencia adecuada.";Por confirmar;Por confirmar;Consulta disponibilidad;;;;No;0
B127;BC-053;Activo;No;Beauty Care;Maquillaje / labios;Brillo;Brillo llavero;New;12000;Disponible / por confirmar;Brillo llavero de New, producto para labios pensado para aportar color, brillo o definición según su formato específico. Puede integrarse fácilmente a un maquillaje diario o utilizarse como detalle final del look. Confirma con LIHEN.CO el tono, acabado y disponibilidad de esta referencia.;Por confirmar;Por confirmar;Consulta disponibilidad;;;;No;0
S67;;Activo;Sí;Style;Ropa deportiva / licra;;Licra deportiva corta Nike;Nike;35000;Disponible;Licra deportiva corta Nike elaborada en tela power, diseñada para brindar comodidad, soporte y libertad de movimiento durante el entrenamiento. Cuenta con ajuste cómodo y firme, diseño deportivo y un toque suave que favorece la silueta. Ideal para rutinas fitness y uso deportivo.;Por confirmar;Negro;Nuevo ingreso;ropa_deportiva;licra_deportiva_corta_nike;./assets/productos/STYLE/ropa_deportiva/licra_deportiva_corta_nike/licra_deportiva_corta_nike_0.webp|./assets/productos/STYLE/ropa_deportiva/licra_deportiva_corta_nike/licra_deportiva_corta_nike_1.webp;Sí;2
S66;;Activo;Sí;Style;Ropa casual hombre / camiseta;;Camiseta clásica Polo en tela fría;Polo;40000;Disponible;Camiseta clásica para hombre elaborada en tela fría, fresca y ligera. Cuenta con diseño de cuello redondo, manga corta y logo Polo bordado en el pecho. Su estilo versátil permite combinarla con jeans, joggers o shorts para crear un look casual y cómodo. Disponible en tallas S, M, L y XL, y en varios colores.;S, M, L y XL;Beige, rojo, blanco, gris, negro y rosado;Nuevo ingreso;ropa_casual_hombre;camiseta_clasica_polo_tela_fria;./assets/productos/STYLE/ropa_casual_hombre/camiseta_clasica_polo_tela_fria/camiseta_clasica_polo_tela_fria_0.webp|./assets/productos/STYLE/ropa_casual_hombre/camiseta_clasica_polo_tela_fria/camiseta_clasica_polo_tela_fria_1.webp|./assets/productos/STYLE/ropa_casual_hombre/camiseta_clasica_polo_tela_fria/camiseta_clasica_polo_tela_fria_2.webp|./assets/productos/STYLE/ropa_casual_hombre/camiseta_clasica_polo_tela_fria/camiseta_clasica_polo_tela_fria_3.webp|./assets/productos/STYLE/ropa_casual_hombre/camiseta_clasica_polo_tela_fria/camiseta_clasica_polo_tela_fria_4.webp|./assets/productos/STYLE/ropa_casual_hombre/camiseta_clasica_polo_tela_fria/camiseta_clasica_polo_tela_fria_5.webp;Sí;6
B129;BC-079;Activo;No;Beauty Care;Maquillaje / ojos;Pestañina;Pestañina Prosa;Prosa;18000;Disponible;"Pestañina Profesional Prosa para definir las pestañas y aportar un efecto de volumen natural. La marca describe un cepillo profesional de nylon pensado para elevar y dar volumen, especialmente en pestañas medianas. Una opción práctica para destacar la mirada dentro del maquillaje diario; confirma disponibilidad con LIHEN.CO.";Por confirmar;Por confirmar;Consulta disponibilidad;;;;No;0
B130;BC-042;Activo;No;Beauty Care;Cuidado / corporal;Kit;Kit cartuchera;Púrpure by Angie Bedoya;39900;Disponible;Kit cartuchera de Púrpure by Angie Bedoya, kit que reúne productos o accesorios relacionados en una sola referencia para facilitar una rutina o experiencia más completa. El contenido puede variar según la presentación, por lo que es importante confirmar con LIHEN.CO qué incluye exactamente la unidad disponible antes de comprar.;Por confirmar;Por confirmar;Consulta disponibilidad;;;;No;0
B131;BC-021;Activo;No;Beauty Care;Maquillaje / labios;Lip;Purpure glossy tomo 02;Púrpure by Angie Bedoya;19900;Disponible;Purpure glossy tomo 02 de Púrpure by Angie Bedoya, producto para labios pensado para aportar color, brillo o definición según su formato específico. Puede integrarse fácilmente a un maquillaje diario o utilizarse como detalle final del look. Confirma con LIHEN.CO el tono, acabado y disponibilidad de esta referencia.;Por confirmar;Por confirmar;Consulta disponibilidad;;;;No;0
B132;BC-022;Activo;No;Beauty Care;Maquillaje / labios;Lip;Purpure glossy tono 01;Púrpure by Angie Bedoya;19900;Disponible / por confirmar;Purpure glossy tono 01 de Púrpure by Angie Bedoya, producto para labios pensado para aportar color, brillo o definición según su formato específico. La referencia corresponde a 01. Puede integrarse fácilmente a un maquillaje diario o utilizarse como detalle final del look. Confirma con LIHEN.CO el tono, acabado y disponibilidad de esta referencia.;Por confirmar;Por confirmar;Consulta disponibilidad;;;;No;0
B88;;Activo;Sí;Beauty Care;Cuidado corporal / mantequilla corporal;;Mini Mantequilla Corporal Púrpure;Púrpure by Angie Bedoya;12000;Disponible;Mini mantequilla corporal Púrpure con textura cremosa, ideal para complementar la rutina diaria de cuidado corporal. Ayuda a mantener la piel suave, hidratada y delicadamente perfumada. Su presentación práctica permite llevarla fácilmente en el bolso o la mochila. Disponible en diferentes aromas.;Presentación mini, contenido por confirmar;Fresa, sandía, caramelo, chocolate, maracuyá y chicle;Nuevo ingreso;cuidado_corporal;mini_mantequilla_corporal_purpure;./assets/productos/BEAUTY_CARE/cuidado_corporal/mini_mantequilla_corporal_purpure/mini_mantequilla_corporal_purpure_0.webp|./assets/productos/BEAUTY_CARE/cuidado_corporal/mini_mantequilla_corporal_purpure/mini_mantequilla_corporal_purpure_1.webp;Sí;2
B133;BC-040;Activo;No;Beauty Care;Cuidado / corporal;Decolorante;Rayitos de sol;Rayitos de Sol;16000;Disponible / por confirmar;Rayitos de sol de Rayitos de Sol, referencia de cuidado corporal/decoloración disponible en el catálogo de LIHEN.CO. Por tratarse de un producto cuyo uso depende de su fórmula y advertencias, revisa cuidadosamente el empaque y sigue exclusivamente las instrucciones del fabricante. Confirma presentación y disponibilidad antes de realizar tu pedido.;Por confirmar;Por confirmar;Consulta disponibilidad;;;;No;0
B134;BC-001;Activo;No;Beauty Care;Maquillaje / rostro;Corrrector;Corrector Flawless Tono BEGE 2;Ruby Rose;15930;Disponible;Corrector Flawless Tono BEGE 2 de Ruby Rose, corrector de maquillaje para complementar la preparación del rostro y trabajar un acabado más uniforme según la técnica de aplicación. La referencia corresponde a BEGE 2. Combínalo con el resto de tu rutina de maquillaje y confirma con LIHEN.CO que el tono disponible corresponda a lo que buscas.;Por confirmar;Por confirmar;Consulta disponibilidad;;;;No;0
B135;BC-073;Activo;No;Beauty Care;Skincare / rostro;Mascarilla;Mascarilla de labios;Samy;29900;Disponible;Mascarilla de labios de Samy, mascarilla para complementar la rutina de cuidado según la fórmula y presentación específica de la referencia. Es una opción práctica para dedicar un paso adicional al cuidado personal. Como los beneficios pueden variar entre versiones, confirma con LIHEN.CO la variante disponible y revisa las indicaciones del fabricante.;Por confirmar;Por confirmar;Consulta disponibilidad;;;;No;0
B136;BC-076;Activo;No;Beauty Care;Maquillaje / ojos;Delineador;Delineador Samy;Samy;23000;Disponible;Delineador Samy de Samy, referencia de maquillaje pensada para definir y dar mayor intención a los trazos en ojos o cejas, según la categoría del producto. Su formato permite incorporarlo tanto a looks cotidianos como a maquillajes más marcados. Confirma la variante y disponibilidad con LIHEN.CO.;Por confirmar;Por confirmar;Consulta disponibilidad;;;;No;0
B137;BC-081;Activo;No;Beauty Care;Maquillaje / ojos;Lapiz;Lápiz Delineador Profesional Samy;Samy;10000;Disponible;Lápiz Delineador Profesional Samy de Samy, referencia de maquillaje pensada para definir y dar mayor intención a los trazos en ojos o cejas, según la categoría del producto. Su formato permite incorporarlo tanto a looks cotidianos como a maquillajes más marcados. Confirma la variante y disponibilidad con LIHEN.CO.;Por confirmar;Por confirmar;Consulta disponibilidad;;;;No;0
B138;BC-080;Activo;No;Beauty Care;Maquillaje / ojos;Sombras;Paleta x9 sombras de ojos  Samy;Samy;28000;Disponible;Paleta x9 sombras de ojos  Samy de Samy, producto de maquillaje para aportar dimensión, color o acabado al rostro según su función dentro de la rutina. Permite complementar diferentes estilos de maquillaje sin necesidad de atribuirle beneficios ajenos a su categoría. Confirma tono, presentación y disponibilidad con LIHEN.CO.;Por confirmar;Por confirmar;Consulta disponibilidad;;;;No;0
B139;BC-014;Activo;No;Beauty Care;Maquillaje / labios;Lip;Lip gloss show your joy 03;SAS;10000;Disponible;Lip gloss show your joy 03 de SAS, producto para labios pensado para aportar color, brillo o definición según su formato específico. Puede integrarse fácilmente a un maquillaje diario o utilizarse como detalle final del look. Confirma con LIHEN.CO el tono, acabado y disponibilidad de esta referencia.;Por confirmar;Por confirmar;Consulta disponibilidad;;;;No;0
B140;BC-015;Activo;No;Beauty Care;Maquillaje / labios;Lip;Lip gloss show your joy 09;SAS;10000;Disponible;Lip gloss show your joy 09 de SAS, producto para labios pensado para aportar color, brillo o definición según su formato específico. Puede integrarse fácilmente a un maquillaje diario o utilizarse como detalle final del look. Confirma con LIHEN.CO el tono, acabado y disponibilidad de esta referencia.;Por confirmar;Por confirmar;Consulta disponibilidad;;;;No;0
B141;BC-003;Activo;No;Beauty Care;Maquillaje / rostro;Polvos;Polvo de hadas;SAS;14000;Disponible;Polvo de hadas de SAS, producto de maquillaje para aportar dimensión, color o acabado al rostro según su función dentro de la rutina. Permite complementar diferentes estilos de maquillaje sin necesidad de atribuirle beneficios ajenos a su categoría. Confirma tono, presentación y disponibilidad con LIHEN.CO.;Por confirmar;Por confirmar;Consulta disponibilidad;;;;No;0
B142;BC-025;Activo;No;Beauty Care;Maquillaje / rostro;Rubor;Rubor en barra 03;SAS;12000;Disponible / por confirmar;Rubor en barra 03 de SAS, producto de maquillaje para aportar dimensión, color o acabado al rostro según su función dentro de la rutina. Permite complementar diferentes estilos de maquillaje sin necesidad de atribuirle beneficios ajenos a su categoría. Confirma tono, presentación y disponibilidad con LIHEN.CO.;Por confirmar;Por confirmar;Consulta disponibilidad;;;;No;0
B143;BC-017;Activo;No;Beauty Care;Maquillaje / ojos;Pestañina;Pestaniña;Star Charming;17500;Disponible;Pestaniña de Star Charming, pestañina para destacar la mirada y complementar el maquillaje de ojos. Está pensada para definir visualmente las pestañas y acompañar distintos estilos de maquillaje, desde un acabado cotidiano hasta uno más intenso. Confirma con LIHEN.CO la referencia disponible antes de realizar tu pedido.;Por confirmar;Por confirmar;Consulta disponibilidad;;;;No;0
B144;BC-004;Activo;No;Beauty Care;Maquillaje / rostro;Base;Base matte Tono 06;Ushas;22815;Disponible;Base matte Tono 06 de Ushas, base de maquillaje para complementar la preparación del rostro y trabajar un acabado más uniforme según la técnica de aplicación. La referencia corresponde a 06. Combínalo con el resto de tu rutina de maquillaje y confirma con LIHEN.CO que el tono disponible corresponda a lo que buscas.;Por confirmar;Por confirmar;Consulta disponibilidad;;;;No;0
B145;BC-002;Activo;No;Beauty Care;Maquillaje / rostro;Corrrector;Corrector ushas Tono 08;Ushas;9315;Disponible;Corrector ushas Tono 08 de Ushas, corrector de maquillaje para complementar la preparación del rostro y trabajar un acabado más uniforme según la técnica de aplicación. La referencia corresponde a 08. Combínalo con el resto de tu rutina de maquillaje y confirma con LIHEN.CO que el tono disponible corresponda a lo que buscas.;Por confirmar;Por confirmar;Consulta disponibilidad;;;;No;0
B146;BC-006;Activo;No;Beauty Care;Maquillaje / ojos;Delineador;Delineador liquido negro;Ushas;11000;Disponible;Delineador liquido negro de Ushas, referencia de maquillaje pensada para definir y dar mayor intención a los trazos en ojos o cejas, según la categoría del producto. Su formato permite incorporarlo tanto a looks cotidianos como a maquillajes más marcados. Confirma la variante y disponibilidad con LIHEN.CO.;Por confirmar;Por confirmar;Consulta disponibilidad;;;;No;0
B147;BC-020;Activo;No;Beauty Care;Maquillaje / rostro;Iluminador;Iluminador en pomo tono 02;Ushas;16700;Disponible;Iluminador en pomo tono 02 de Ushas, producto de maquillaje para aportar dimensión, color o acabado al rostro según su función dentro de la rutina. La referencia corresponde a 02. Permite complementar diferentes estilos de maquillaje sin necesidad de atribuirle beneficios ajenos a su categoría. Confirma tono, presentación y disponibilidad con LIHEN.CO.;Por confirmar;Por confirmar;Consulta disponibilidad;;;;No;0
B148;BC-018;Activo;No;Beauty Care;Maquillaje / rostro;Iluminador;Iluminador liquido tono 05;Ushas;8700;Disponible;Iluminador liquido tono 05 de Ushas, producto de maquillaje para aportar dimensión, color o acabado al rostro según su función dentro de la rutina. La referencia corresponde a 05. Permite complementar diferentes estilos de maquillaje sin necesidad de atribuirle beneficios ajenos a su categoría. Confirma tono, presentación y disponibilidad con LIHEN.CO.;Por confirmar;Por confirmar;Consulta disponibilidad;;;;No;0
B149;BC-046;Activo;No;Beauty Care;Maquillaje / rostro;Polvos;Polvo compacto 03;Ushas;13365;Disponible / por confirmar;Polvo compacto 03 de Ushas, producto de maquillaje para aportar dimensión, color o acabado al rostro según su función dentro de la rutina. Permite complementar diferentes estilos de maquillaje sin necesidad de atribuirle beneficios ajenos a su categoría. Confirma tono, presentación y disponibilidad con LIHEN.CO.;Por confirmar;Por confirmar;Consulta disponibilidad;;;;No;0
B150;BC-026;Activo;No;Beauty Care;Maquillaje / labios;Tinta;Tinta tono 01;Ushas;6700;Disponible / por confirmar;Tinta tono 01 de Ushas, producto para labios pensado para aportar color, brillo o definición según su formato específico. La referencia corresponde a 01. Puede integrarse fácilmente a un maquillaje diario o utilizarse como detalle final del look. Confirma con LIHEN.CO el tono, acabado y disponibilidad de esta referencia.;Por confirmar;Por confirmar;Consulta disponibilidad;;;;No;0
B151;BC-027;Activo;No;Beauty Care;Maquillaje / labios;Tinta;Tinta tono 03;Ushas;6700;Disponible;Tinta tono 03 de Ushas, producto para labios pensado para aportar color, brillo o definición según su formato específico. La referencia corresponde a 03. Puede integrarse fácilmente a un maquillaje diario o utilizarse como detalle final del look. Confirma con LIHEN.CO el tono, acabado y disponibilidad de esta referencia.;Por confirmar;Por confirmar;Consulta disponibilidad;;;;No;0
B87;BC-029;Activo;Sí;Beauty Care;Cuidado / corporal;Gel;Gel oil cocoa;Vaseline;66000;Disponible;Gel Oil Vaseline Cocoa Radiant formulado con manteca de cacao para complementar la rutina diaria de cuidado corporal. Ayuda a suavizar la piel, aportar luminosidad y dejar una sensación ligera con un acabado radiante.;200 ml;No aplica;Nuevo ingreso;cuidado_corporal;gel_oil_vaseline_cocoa_radiant;./assets/productos/BEAUTY_CARE/cuidado_corporal/gel_oil_vaseline_cocoa_radiant/gel_oil_vaseline_cocoa_radiant_0.webp|./assets/productos/BEAUTY_CARE/cuidado_corporal/gel_oil_vaseline_cocoa_radiant/gel_oil_vaseline_cocoa_radiant_1.webp;Sí;2
B152;BC-055;Activo;No;Beauty Care;Cuidado / corporal;Crema;Crema shimmer vilandia;Vidan Dreams;26000;Disponible;Crema shimmer vilandia de Vidan Dreams, producto de cuidado personal pensado para integrarse de forma práctica a la rutina según su categoría y presentación. La experiencia y función específica dependen de la fórmula de esta referencia, por lo que conviene revisar el envase y seguir las indicaciones del fabricante. Confirma disponibilidad con LIHEN.CO.;Por confirmar;Por confirmar;Consulta disponibilidad;;;;No;0
B153;BC-054;Activo;No;Beauty Care;Cuidado / corporal;Mantequilla;Mini mantequilla mundo vilandia;Vidan Dreams;18000;Disponible;Mini mantequilla mundo vilandia de Vidan Dreams, producto de cuidado personal pensado para integrarse de forma práctica a la rutina según su categoría y presentación. La experiencia y función específica dependen de la fórmula de esta referencia, por lo que conviene revisar el envase y seguir las indicaciones del fabricante. Confirma disponibilidad con LIHEN.CO.;Por confirmar;Por confirmar;Consulta disponibilidad;;;;No;0
B68;;Activo;Sí;Beauty Care;Cuidado corporal / brillo corporal;;Chispita de Luna;Vive Beauty;25000;Disponible / por confirmar;Chispita de Luna de Vive Beauty, referencia disponible en el catálogo de LIHEN.CO dentro de Cuidado corporal / brillo corporal. La información pública se mantiene deliberadamente prudente cuando no existe una ficha oficial suficientemente específica. Revisa las fotografías disponibles y confirma presentación, variante y disponibilidad antes de realizar tu pedido.;Por confirmar;Por confirmar;Producto confirmado;cuidado_corporal;vive_beauty_chispita_de_luna;./assets/productos/BEAUTY_CARE/cuidado_corporal/vive_beauty_chispita_de_luna/vive_beauty_chispita_de_luna_0.webp|./assets/productos/BEAUTY_CARE/cuidado_corporal/vive_beauty_chispita_de_luna/vive_beauty_chispita_de_luna_1.webp;Sí;2
B67;;Activo;Sí;Beauty Care;Cuidado corporal / gel de ducha;;Gel de Ducha;Vive Beauty;28000;Disponible / por confirmar;Gel de Ducha de Vive Beauty, producto de cuidado personal pensado para integrarse de forma práctica a la rutina según su categoría y presentación. La experiencia y función específica dependen de la fórmula de esta referencia, por lo que conviene revisar el envase y seguir las indicaciones del fabricante. Confirma disponibilidad con LIHEN.CO.;Por confirmar;Por confirmar;Producto confirmado;cuidado_corporal;vive_beauty_gel_de_ducha;./assets/productos/BEAUTY_CARE/cuidado_corporal/vive_beauty_gel_de_ducha/vive_beauty_gel_de_ducha_0.webp|./assets/productos/BEAUTY_CARE/cuidado_corporal/vive_beauty_gel_de_ducha/vive_beauty_gel_de_ducha_1.webp;Sí;2
B154;BC-011;Activo;No;Beauty Care;Skincare / rostro;Demaquillante;Desmaquillador bifasico;Vive Beauty;36000;Disponible;Desmaquillador bifasico de Vive Beauty, producto de cuidado personal pensado para integrarse de forma práctica a la rutina según su categoría y presentación. La experiencia y función específica dependen de la fórmula de esta referencia, por lo que conviene revisar el envase y seguir las indicaciones del fabricante. Confirma disponibilidad con LIHEN.CO.;Por confirmar;Por confirmar;Consulta disponibilidad;;;;No;0
B155;BC-032;Activo;No;Beauty Care;Cuidado / corporal;Exfoliante;Exfoliante corporal;Vive Beauty;26000;Disponible / por confirmar;Exfoliante corporal de Vive Beauty, producto de cuidado personal pensado para integrarse de forma práctica a la rutina según su categoría y presentación. La experiencia y función específica dependen de la fórmula de esta referencia, por lo que conviene revisar el envase y seguir las indicaciones del fabricante. Confirma disponibilidad con LIHEN.CO.;Por confirmar;Por confirmar;Consulta disponibilidad;;;;No;0
B156;BC-031;Activo;No;Beauty Care;Cuidado / corporal;Mantequilla;Mantequilla corporal;Vive Beauty;26000;Disponible / por confirmar;Mantequilla corporal de Vive Beauty, producto de cuidado personal pensado para integrarse de forma práctica a la rutina según su categoría y presentación. La experiencia y función específica dependen de la fórmula de esta referencia, por lo que conviene revisar el envase y seguir las indicaciones del fabricante. Confirma disponibilidad con LIHEN.CO.;Por confirmar;Por confirmar;Consulta disponibilidad;;;;No;0
B157;BC-067;Activo;No;Beauty Care;Skincare / rostro;Agua;Agua de rosas;Vive Beauty;12000;Disponible;Agua de rosas de Vive Beauty, producto de cuidado personal pensado para integrarse de forma práctica a la rutina según su categoría y presentación. La experiencia y función específica dependen de la fórmula de esta referencia, por lo que conviene revisar el envase y seguir las indicaciones del fabricante. Confirma disponibilidad con LIHEN.CO.;Por confirmar;Por confirmar;Consulta disponibilidad;;;;No;0
B158;BC-074;Activo;No;Beauty Care;Maquillaje / ojos;Delineador;Delineador de ojo;Vogue;25000;Disponible / por confirmar;Delineador de ojo de Vogue, referencia de maquillaje pensada para definir y dar mayor intención a los trazos en ojos o cejas, según la categoría del producto. Su formato permite incorporarlo tanto a looks cotidianos como a maquillajes más marcados. Confirma la variante y disponibilidad con LIHEN.CO.;Por confirmar;Por confirmar;Consulta disponibilidad;;;;No;0
B159;BC-072;Activo;No;Beauty Care;Maquillaje / labios;Lip;Voluminizador;Vogue;16900;Disponible;Voluminizador de Vogue, producto para labios pensado para aportar color, brillo o definición según su formato específico. Puede integrarse fácilmente a un maquillaje diario o utilizarse como detalle final del look. Confirma con LIHEN.CO el tono, acabado y disponibilidad de esta referencia.;Por confirmar;Por confirmar;Consulta disponibilidad;;;;No;0
